,col
0,rodolfo
1,agenor
2,marcos-felipe
3,muriel
4,frazan
5,digão
6,leo-santos
7,matheus-ferraz
8,mascarenhas
9,igor-julião
10,caio
11,pablo-dyego
12,dodi
13,yony-gonzález
14,ze-ricardo
15,lucas-felipe-calegari
16,brenner
17,kelvin
18,leo-artur
19,lucão
20,patrick-carvalho
21,marcos-paulo
22,miguel-silveira
23,fernando-diniz
24,uilson
25,cleiton
26,michael
27,leo-silva
28,fábio-santos
29,matheus-mancini
30,maidana
31,igor-rabello
32,rever
33,guga
34,carlos-cesar
35,matheus-stockl
36,renan-guedes
37,juan-cazares
38,romulo-otero
39,adilson
40,bruno-roberto
41,vinicius-goes
42,ze-welison
43,geuvânio
44,jair
45,daniel-penha
46,ramon-martínez
47,vitor-mendes
48,alerrandro
49,papagaio
50,david-terans
51,alessandro-vinícius
52,rodrigo-santana
53,julio-cesar
54,paulo-victor
55,phelipe-megiolaro
56,brenno
57,geromel
58,marcelo-oliveira
59,walter-kannemann
60,bruno-cortez
61,leo-moura
62,david-braz
63,juninho-capixaba
64,rafael-galhardo
65,leonardo-gomes
66,matheus-henrique
67,thaciano
68,jean-pyerre
69,patrick
70,darlan-mendes
71,éverton
72,vico
73,andre
74,pepê
75,vico
76,da-silva
77,renato-gaucho
78,victor-hugo
79,santos
80,caio
81,leo-vieira
82,madson
83,thiago-heleno
84,paulo-andre
85,jonathan
86,leo-pereira
87,adriano-correia
88,jose-walber
89,lucas-halter
90,khellven
91,gabriel-fornari
92,tomás-andrade
93,leo-cittadini
94,nikão
95,matheus-rossetto
96,bruno-guimarães
97,bruno-nazário
98,vitor-naum
99,demethryus
100,geovane
101,thonny-anderson
102,rony
103,bissoli
104,braian-romero
105,gabriel-poveda
106,jáderson
107,tiago-nunes
108,gabriel-mesquita
109,vinicius-mingotti
110,fernando-prass
111,jaílson
112,weverton
113,antônio-carlos
114,mayke
115,diogo-barbosa
116,victor-luis
117,gustavo-gomez
118,dudu
119,thiago-santos
120,hyoran
121,ze-rafael
122,raphael-veiga
123,jean
124,gustavo-scarpa
125,lucas-bergantin
126,arthur-cabral
127,ricardo-goulart
128,luiz-felipe-scolari
129,wesley-carvalho
130,saulo
131,roberto-fernández
132,andrew
133,lucas-alves
134,joel-carli
135,marcelo-conceição
136,gilson
137,jean-irmer
138,jonathan
139,victor-lindenberg
140,lucas-barros
141,gustavo-bochecha
142,leonardo-valencia
143,luiz-fernando
144,alex-santana
145,vinicius-tanque
146,alan-santos
147,rickson
148,wenderson
149,erik
150,rodrigo-pimpão
151,lucas-campos
152,pachu
153,igor-cássio
154,rhuan
155,eduardo-barroca
156,fábio
157,vinicius-melo
158,vitor-eudes
159,marlon
160,leo
161,egídio
162,edílson
163,fabrício-bruno
164,luis-orejuela
165,rafael-santos
166,jonathan-monteiro
167,jádson
168,ariel-cabral
169,rodriguinho
170,sassá
171,marquinhos-gabriel
172,joël-tagueu
173,vinícius-popo
174,welinton
175,sidnei-lobo
176,weverton
177,romulo
178,ricardo-alves-resende
179,tiepo
180,joão-ricardo
181,gum
182,hiago
183,bruno-pacheco
184,rafael-pereira
185,ernandes
186,caíque-sá
187,maurício-ramos
188,tharlis
189,marcos-vinícius
190,alan-ruschel
191,amaral
192,elicarlos
193,márcio-araujo
194,camilo
195,diego-torres
196,yann
197,ronei
198,augusto
199,regis
200,vini-locatelli
201,arthur-gomes
202,aylon
203,renato-kayzer
204,bryan
205,henrique-almeida
206,everaldo
207,victor-andrade
208,thiago-santos
209,emerson-cris
210,vladimir
211,leo-lopes
212,cláudio-vitor
213,lucas-frigeri
214,gledson
215,leo-morais
216,matheus-barbosa
217,gustavo
218,marquinhos-silva
219,paulinho-oliveira
220,igor-fernandes
221,eduardo-kunde
222,nuno
223,luanderson
224,luan-pereira
225,andre-moritz
226,pedro-castro
227,gustavo-ferrareis
228,jonny-mosquera
229,gegê
230,julinho
231,richard-franco
232,caio-paulista
233,dudu
234,brenner
235,matheus-ferreira
236,lourenço
237,daniel-amorim
238,gabriel-lima
239,bruno-savio
240,jones-carioca
241,feliciano-brizuela
242,alberto-valentim
243,lucas-perri
244,jean
245,tiago-volpi
246,dênis
247,tchê-tchê
248,robert-arboleda
249,reinaldo
250,anderson-martins
251,igor-vinícius
252,lucas-kal
253,lucão
254,walce-costa
255,felipe-rodrigues
256,marcos-calazans
257,raniel
258,lucas-fernandes
259,jucilei
260,hudson
261,helio-junio
262,éverton
263,leo
264,everton-felipe
265,willian-farias
266,pablo-felipe
267,joão-rojas
268,igor-gomes
269,liziero
270,gonzalo-carneiro-mendez
271,antony
272,biro-biro
273,cuca
274,fernando-augusto
275,moises
276,ezequiel
277,lucas-fonseca
278,jackson
279,nino-paraíba
280,ernando
281,marllon
282,giovanni
283,xandão
284,mayk
285,ignácio
286,douglas-borel
287,jaques
288,alejandro-guerra
289,shaylon
290,elton
291,gregore
292,élber
293,fernando-madeiros
294,willean-lepo
295,eric-ramires
296,caíque
297,max
298,caio-mello
299,dimitri
300,edson
301,arthur-caíke
302,felipinho
303,lucca
304,fernandão
305,geovane-itinga
306,ueslei-junior
307,gabriel-esteves
308,artur
309,roger-machado
310,cássio
311,caíque
312,filipe
313,manoel
314,fágner
315,henrique-adriano
316,gil
317,bruno-mendez
318,lucas-piton
319,ramiro
320,regis
321,jádson
322,clayson
323,renê-junior
324,mateus-vital
325,ralf
326,everaldo
327,junior-urso
328,ángelo-araos
329,matheus-jesus
330,gustavo
331,janderson
332,fábio-carille
333,joão-victor
334,sidão
335,fernando-miguel
336,alexander
337,oswaldo-henríquez
338,cláudio-winck
339,ramon
340,werley
341,rodrigo-fernandes
342,danilo-barcelos
343,raul-cáceres
344,kainandro
345,vanderlei-luxemburgo
346,ulisses
347,andrey
348,raul
349,lucas-mineiro
350,yan-sasse
351,bruno-cesar
352,marcos-junior
353,rafael-frança
354,dudu
355,bruno-ritter
356,caio-lopes
357,richard
358,valdívia
359,yago-pikachu
360,rossi
361,ribamar
362,maximiliano-lopez
363,moresche
364,lucas-santos
365,vinícius-araujo
366,marrony
367,tiago-reis
368,talles-magno
369,vinícius-paiva
370,marcos-valadares
371,gabriel-batista
372,cesar
373,thuler
374,pablo-marí
375,kleber
376,dantas
377,rafael-santos
378,joão-lucas
379,rodinei
380,willian-arão
381,leo-duarte
382,renê
383,everton-ribeiro
384,robert-piris
385,hugo-moura
386,vinicius-souza
387,reinier
388,orlando-berrío
389,vitor-gabriel
390,jorge-jesus
391,leomir
392,lucas-frança
393,richard
394,diogo-silva
395,matheus-cabral
396,samuel-xavier
397,luiz-otávio
398,tiago-alves
399,joão-lucas
400,brock
401,auremir
402,cristovam
403,vinícius-moreira
404,thiago-galhardo
405,pedro-ken
406,fernando-sobral
407,william-oliveira
408,matheus-lira
409,felipe-silva
410,chico
411,leandro-carvalho
412,bergson
413,wescley
414,felippe-cardoso
415,mateus-gonçalves
416,rick
417,enderson-moreira
418,felipe-alves
419,matheus-inácio
420,matheus-jesus
421,max-walef
422,gabriel-dias
423,nathan-ribeiro
424,roger-carvalho
425,diguinho
426,felipe-araruna
427,paulo-roberto
428,bruno-melo
429,derley
430,marlon
431,mariano-vázquez
432,santiago-romero
433,nenê-bonilha
434,gustavo-coutinho
435,tião
436,matheus-alessandro
437,kieza
438,andre-luis
439,osvaldo
440,romarinho
441,marconne-montenegro
442,joão-carlos
443,cajuru
444,jordi
445,igo
446,apodi
447,ronaldo-alves
448,dawhan
449,rony
450,vital
451,alan-costa
452,luciano-castán
453,pedro-rosa
454,euller
455,nilton
456,joão-vitor
457,didira
458,victor-paraíba
459,maranhão
460,amaral
461,jean-cleber
462,lucas-dias
463,jonathan-gomez
464,madson
465,alecsandro
466,andres-escobar
467,ricardo-bueno
468,patrick-fabiano
469,hector-bustamante
470,gerson-junior
471,julian-benítez
472,argelico-fucks
473,tadeu
474,marcelo-rangel
475,renatinho
476,kevin
477,geovane
478,fábio-sanches
479,david-duarte
480,rafael-vaz
481,paulo-ricardo
482,daniel-guedes
483,marlone
484,giovanni-augusto
485,leo-sena
486,thalles
487,gilberto-junior
488,giovanny
489,kayke
490,rafael-moura
491,junior-brandão
492,michael
493,miguel-figueira
494,leandro-barcia
495,vinícius
496,ney-franco
497,robson-gomes
498,danilo-fernandes
499,keiller
500,marcelo-lomba
501,carlos-miguel
502,emerson-santos
503,uendel
504,klaus
505,víctor-cuesta
506,bruno-fuchs
507,heitor
508,erik
509,matheus-galdezani
510,rodrigo-lindoso
511,rodrigo-dourado
512,andres-d-alessandro
513,patrick
514,dudu
515,rithely
516,nonato
517,jose-aldo
518,lucas-ramos
519,rafael-sobis
520,santiago-trellez
521,neilton
522,nicolás-lopez
523,william-pottker
524,guilherme-parede
525,martín-sarrafiore
526,pedro-lucas
527,joão-cardoso
528,odair-hellmann
529,vanderlei
530,john
531,everson
532,gustavo-henrique
533,victor-ferraz
534,lucas-veríssimo
535,luis-felipe
536,diego-pituca
537,pará
538,felipe-jonatan
539,venuto
540,orinho
541,felipe-aguilar
542,matheus-ribeiro
543,kaique-rocha
544,wagner
545,jean-mota
546,alison
547,jobson
548,yeferson-soteldo
549,sandry
550,ivonei
551,yuri-alberto
552,eduardo-sasha
553,marinho
554,fernando-uribe
555,kaio-jorge
556,allan-mota
557,jorge-sampaoli
558,alexandre
559,alexandre
560,david-raya
561,andy-fisher
562,jayson-leutwiler
563,aaron-dillon
564,ryan-nyambe
565,lewis-travis
566,matthew-platt
567,paul-downing
568,amari-i-bell
569,jacob-davenport
570,craig-conway
571,corry-evans
572,darragh-lenihan
573,richard-smallwood
574,ben-gladwin
575,joe-rankin-costello
576,stefan-mols
577,joe-rothwell
578,tom-white
579,joe-grayson
580,john-buckley
581,harry-chapman
582,daniel-butterworth
583,mitchell-candlin
584,tony-mowbray
585,fabricio
586,ibrahima-cisse
587,floyd-ayite
588,matt-ingram
589,joe-lumley
590,dillon-barnes
591,liam-kelly
592,grant-hall
593,yoann-barbet
594,toni-leistner
595,àngel-rangel
596,joe-felix
597,ryan-manning
598,josh-scowen
599,charlie-owens
600,osman-kakay
601,ilias-chair
602,bright-osayi-samuel
603,matthew-smith
604,faysal-bettache
605,deshane-dalling
606,nathan-carlyle
607,amrit-bansal-mcnulty
608,aramide-oteh
609,chay-tilt
610,olamide-shodipo
611,lewis-walker
612,mark-warburton
613,ali-omar
614,adam-davies
615,liam-lindsay
616,nathan-collins
617,jordan-cousins
618,mark-duffy
619,ryan-woods
620,lasse-sørensen
621,daniel-jarvis
622,mame-birame-diouf
623,lee-gregory
624,nathan-jones
625,steven-benda
626,benjamin-cabango
627,cian-harries
628,tivonge-rushesha
629,kristoffer-peterson
630,ryan-blair
631,liam-cullen
632,kees-de-boer
633,barry-mckay
634,borja-baston
635,botti-biabi
636,yan-dhanda
637,jordan-garrick
638,steve-cooper
639,jonathan-bond
640,ahmed-hegazy
641,darnell-furlong
642,jack-fitzwater
643,semi-ajayi
644,kyle-edwards
645,rayhaan--tulloch
646,kenneth-zohorè
647,slaven-bilic
648,jamie-jones
649,jordan-perrin
650,daniel-gyollai
651,tom-pearce
652,charlie-mulgrew
653,chey-dunkley
654,nathan-byrne
655,victor-maffeo
656,tylor-golden
657,adam-long
658,tom-hilton
659,will-mcguffie
660,joseph-downey
661,danny-fox
662,cedric-kipre
663,alex-perry
664,lee-evans
665,kieffer-moore
666,lewis-macleod
667,michael-jacobs
668,josh-gregory
669,gavin-massey
670,christopher-merrie
671,gary-roberts
672,anthony-plant
673,james-berry
674,jensen-weir
675,mitchell-culshaw
676,kal-naismith
677,jamal-lowe
678,divin-baningime
679,mwiya-malumo
680,callum-lang
681,joe-gelhardt
682,charlie-jolley
683,paul-cook
684,matt-ingram
685,george-long
686,charlie-andrew
687,ryan-tafazolli
688,jordy-de-wijs
689,lewis-ritson
690,robbie-mckenzie
691,leonardo-lopes
692,tyler-hamilton
693,manuel-milinkovic
694,tom-eaves
695,josh-magennis
696,ben-hinchliffe
697,keane-lewis-potter
698,josh-bowler
699,grant-mccann
700,connal-trueman
701,jake-weaver
702,marc-roberts
703,wes-harding
704,maxime-colin
705,steve-seddon
706,kristian-pedersen
707,agus-medina
708,geraldo-bajrami
709,ryan-burke
710,david-davis
711,maikel-kieftenbeld
712,jacques-maghoma
713,harlee-dean
714,charlie-lakin
715,odin-bailey
716,daniel-crowley
717,ivan-šunjic
718,caolan-boyd-munce
719,joseph-redmond
720,jude-bellingham
721,ryan-stirk
722,álvaro-gimenez
723,fran-villalba
724,josep-clotet-ruiz
725,illan-meslier
726,kamil-miazek
727,liam-cooper
728,luke-ayling
729,egzijan-alioski
730,paudie-o-connor
731,hugo-díaz
732,pascal-struijk
733,ben-white
734,leif-davis
735,stuart-dallas
736,jordan-stevens
737,callum-nicell-galbraith
738,ouasim-bouy
739,jamie-shackleton
740,mateusz-bogusz
741,alfie-mccalmont
742,ryan-edmondson
743,robbie-gotts
744,liam-mccarron
745,clarke-odour
746,kun-temenuzhkov
747,marcelo-bielsa
748,jonathan-mitchell
749,kelle-roos
750,henrich-ravas
751,richard-keogh
752,craig-forsyth
753,joseph-bateman
754,max-lowe
755,calum-macdonald
756,lee-buchanan
757,marcus-olsson
758,ikechi-anya
759,max-bird
760,duane-holmes
761,tyree-wilson
762,jason-knight
763,louie-sibley
764,jamie-paterson
765,florian-jozefzoon
766,jack-marriott
767,mason-bennett
768,jayden-mitchell-lawson
769,morgan-whittaker
770,andrew-lonergan
771,tomás-mejias
772,aynsley-pears
773,marvin-johnson
774,hayden-coulson
775,djed-spence
776,jonathan-howson
777,lewis-wing
778,anfernee-dijksteel
779,marcus-tavernier
780,nathan-wood-gordon
781,stephen-walker
782,ben-liddle
783,connor-malley
784,harry-chapman
785,bilal-brahimi
786,paul-jones
787,joseph-wildsmith
788,cameron-dawson
789,dominic-iorfa
790,matthew-penney
791,julian-börner
792,morgan-fox
793,joost-van-aken
794,ashley-baker
795,jordan-thorniley
796,frederik-nielsen
797,connor-o-grady
798,david-bates
799,jack-lee
800,isaac-rice
801,liam-palmer
802,kieran-lee
803,joey-pelupessy
804,alex-hunt
805,liam-shaw
806,sam-winnall
807,atdhe-nuhiu
808,marco-matias
809,jack-stobbs
810,fraser-preston
811,lee-bullen
812,dillon-phillips
813,ashley-maynard-brewer
814,joseph-osaghae
815,deji-oshilaja
816,chris-solly
817,jason-pearce
818,lewis-page
819,mouhamado-naby-sarr
820,ben-purrington
821,toby-stevenson
822,alfie-doughty
823,brendan-sarpeng-wiredu
824,ryan-blumberg
825,jordan-zemura
826,darren-pratley
827,jonny-williams
828,george-lapslie
829,jake-forster-caskey
830,albie-morgan
831,ben-dempsey
832,luis-morales
833,armando-quitirna
834,lyle-taylor
835,mikhail-kennedy
836,leon-best
837,macauley-bonne
838,luke-carey
839,terrique-anderson
840,wilberforce-ocran
841,lee-bowyer
842,jordan-smith
843,jordan-wright
844,ryan-yates
845,joe-worrall
846,yuri-ribeiro
847,jayden-richardson
848,adlène-guedioura
849,tiago-silva
850,samba-sow
851,brennan-johnson
852,rafael-mir
853,daryl-murphy
854,arvin-appiah
855,alexander-mighten
856,joão-virgínia
857,michael-morrison
858,tyler-blackett
859,liam-moore
860,omar-richards
861,thomas-holmes
862,tom-mcintyre
863,teddy-howe
864,yakou-meite
865,liam-kelly
866,ryan-east
867,andy-yiadom
868,pele
869,michael-olise
870,jon-daði-böðvarsson
871,daniel-loader
872,josh-barrett
873,andrij-novakovich
874,lucas-boye
875,lucas-joão
876,jose-manuel-gomes
877,scott-marshall
878,jack-walton
879,bradley-collins
880,samuel-radlinger
881,jake-greatorex
882,henry-kendrick
883,aapo-halme
884,louis-wardle
885,dimitri-cavare
886,ben-williams
887,dani-pinillos
888,toby-sibbick
889,mads-juel-andersen
890,jordan-helliwell
891,matthew-wolfe
892,alex-mowatt
893,jared-bird
894,ken-dougall
895,sam-fielding
896,jasper-moon
897,kieran-feeney
898,elvis-otim
899,luke-thomas
900,callum-styles
901,george-miller
902,jacob-brown
903,jordan-green
904,mallik-wilks
905,patrick-schmidt
906,daniel-stendel
907,bartosz-białkowski
908,denzel-gerrar
909,frankie-fielding
910,federico-bessone
911,josh-siafa
912,ben-thompson
913,mahlon-romeo
914,jake-cooper
915,murray-wallace
916,ryan-leonard
917,shaun-williams
918,jed-wallace
919,lewis-white
920,jethro-hanson
921,billy-mitchell
922,jon-daði-böðvarsson
923,matt-smith
924,tom-bradshaw
925,tom-elliott
926,jiří-skalák
927,george-alexander
928,jesse-debrah
929,neil-harris
930,tomás-kalas
931,taylor-moore
932,jay-dasilva
933,ádam-nagy
934,marley-watkins
935,callum-o-dowda
936,josh-brownhill
937,jens-hegeler
938,niclas-eliasson
939,liam-walsh
940,tommy-rowe
941,hakeeb-adelakun
942,samuel-szmodics
943,sam-pearson
944,matt-taylor
945,antoine-semenyo
946,lee-johnson
947,marek-štěch
948,harvey-isted
949,matthew-pearson
950,daniel-potts
951,glen-rea
952,alan-sheehan
953,joe-mead
954,sonny-bradley
955,james-bree
956,kazenga-lualua
957,eunan-o-kane
958,pelly-ruddock
959,andrew-shinnie
960,jake-peck
961,luke-berry
962,josh-neufville
963,drew-richardson
964,corey-panter
965,danny-hylton
966,arthur-read
967,connor-tomlinson
968,harry-cornick
969,michael-shamalo
970,jake-jervis
971,izzy-brown
972,jason-cummings
973,luke-bolton
974,graeme-jones
975,tommy-elphick
976,rarmani-edmonds-green
977,josh-koroma
978,matty-daly
979,karlan-ahearne-grant
980,aaron-rowe
981,jan-siewert
982,ellery-balcombe
983,david-raya
984,patrik-gunnarsson
985,josh-clarke
986,rico-henry
987,tom-field
988,luka-racic
989,japhet-sery
990,dominic-thompson
991,kamohelo-mokotjo
992,mads-bech-sørensen
993,emiliano-hansen
994,chiedozie-ogbene
995,jaakko-oksanen
996,fredrik-hammar
997,jan-žambůrek
998,sergi-canos
999,josh-dasilva
1000,joel-valencia
1001,marcus-forss
1002,thomas-frank
1003,joe-day
1004,aden-flint
1005,soul-bamba
1006,curtis-nelson
1007,will-vaulks
1008,marlon-pack
1009,daniel-ward
1010,robert-glatzel
1011,lloyd-humphries
1012,isaac-vassell
1013,gavin-whyte
1014,neil-warnock
1015,michael-crowe
1016,steven-james
1017,joe-rafferty
1018,andrew-hughes
1019,patrick-bauer
1020,darnell-fisher
1021,paul-huntington
1022,tom-clarke
1023,clive-smith
1024,brad-potts
1025,tom-barkhuizen
1026,alex-neil
1027,joshua-harrop
1028,billy-bodin
1029,adam-o-reilly
1030,andre-green
1031,jayden-stockley
1032,paul-gallagher
1033,louis-moult
1034,josh-ginnelly
1035,jake-baxter
1036,ethan-walker
1037,sokratis-papastathopoulos
1038,hector-bellerín
1039,zechariah-medley
1040,martinelli
1041,tyreece-john-jules
1042,unai-emery
1043,steve-bould
1044,dominic-revan
1045,ahmed-el-mohamady
1046,trezeguet
1047,keinan-davis
1048,jordan-cox
1049,jota-peleteiro
1050,aaron-tshibola
1051,jacob-ramsey
1052,jonathan-kodjia
1053,callum-o-hare
1054,dean-smith
1055,jamie-cumming
1056,azpilicueta
1057,marc-guehi
1058,n-golo-kante
1059,tiemoue-bakayoko
1060,andre-gomes
1061,baye-oumar-niasse
1062,gylfi-þor-sigurðsson
1063,marco-silva
1064,sepp-van-den-berg
1065,isaac-christie-davies
1066,harvey-elliott
1067,jürgen-klopp
1068,scott-carson
1069,eric
1070,leroy-sane
1071,adrian-bernabe
1072,felix-kalu-nmecha
1073,ian-carlo-poveda
1074,pep-guardiola
1075,arteta
1076,victor-nilsson-lindelöf
1077,mata
1078,ole-gunnar-solskjær
1079,nathan-harker
1080,jamal-lascelles
1081,lewis-cass
1082,ki-sungyueng
1083,yoshinori-mutō
1084,kelland-watts
1085,steve-bruce
1086,michael-mcgovern
1087,akin-famewo
1088,philip-heise
1089,louis-thompson
1090,tom-trybull
1091,onel-hernández
1092,dennis-srbeny
1093,daniel-adshead
1094,todd-cantwell
1095,aidan-fitzpatrick
1096,alfie-payne
1097,adam-idah
1098,daniel-farke
1099,georges-n-koudou
1100,timothy-eyoma
1101,son-heungmin
1102,davinson-sánchez
1103,tanguy-ndombèle
1104,george-marsh
1105,andreas-søndergaard
1106,jesus-vallejo
1107,max-kilman
1108,jonny-castro
1109,dion-sanderson
1110,bruno-jordão
1111,ruben-neves
1112,elliot-watt
1113,ming-yang-yang
1114,terry-taylor
1115,nathaniel-wan
1116,raul-jimenez
1117,adama-traore
1118,nuno-espírito-santo
1119,bailey-peacock-farrell
1120,george-mcmahon
1121,james-dunne
1122,benjamin-mee
1123,anthony-driscoll-glennon
1124,joel-senior
1125,johann-berg-guðmundsson
1126,christian-n-guessan
1127,ryan-cooney
1128,danny-drinkwater
1129,josh-benson
1130,matěj-vydra
1131,adam-phillips
1132,sean-dyche
1133,mitchell-clark
1134,çağlar-söyüncü
1135,vontae-daley-campbell
1136,fousseni-diabate
1137,khanya-leshabela
1138,george-hirst
1139,ali-reghba
1140,brendan-rodgers
1141,michael-stowell
1142,cedric
1143,yann-valery
1144,kayne-ramsey
1145,callum-slattery
1146,marcus-barnes
1147,ralph-hasenhüttl
1148,jose-holebas
1149,femenía-far
1150,quina
1151,cucho-hernández
1152,filip-stuparevic
1153,javi-gracia
1154,joe-daniel-tupper
1155,sam-woods
1156,nikola-tavares
1157,giovanni-mcgregor
1158,jason-lokilo
1159,roy-hodgson
1160,michael-verrips
1161,kieron-freeman
1162,jake-wright
1163,richard-stearman
1164,ben-heneghan
1165,kean-bryan
1166,ben-osborn
1167,david-mcgoldrick
1168,leon-clarke
1169,ricky-holmes
1170,chris-wilder
1171,maty-ryan
1172,tudor-băluţă
1173,martín-montoya
1174,jose-izquierdo
1175,solomon-march
1176,taylor-richards
1177,romaric-yapi
1178,graham-potter
1179,łukasz-fabiański
1180,roberto-jimenez
1181,gonçalo-cardoso
1182,conor-coventry
1183,javier-hernández
1184,manuel-pellegrini
1185,mark-travers
1186,nathan-ake
1187,mihai-dobre
1188,nnamdi-ofoborh
1189,eddie-howe
1190,lukás-hrádecký
1191,adrian-stanilewicz
1192,dennis-mukuna-mbay
1193,markus-krösche
1194,daniel-niedzkowski
1195,peter-bosz
1196,luca-unbehaun
1197,łukasz-piszczek
1198,raphaël-guerreiro
1199,mateu-morey
1200,patrick-osterhage
1201,tobias-raschl
1202,lucien-favre
1203,edin-terzic
1204,jerôme-boateng
1205,niklas-süle
1206,thiago-alcântara
1207,sarpreet-singh
1208,paul-will
1209,ryan-johansson
1210,alex-timossi-andersson
1211,peter-hermann
1212,adán
1213,jose-maria-gimenez
1214,šime-vrsaljko
1215,rafael-muñoz-benavides
1216,carlos-isaac
1217,andres-solano-davila
1218,teye-partey
1219,saul
1220,hector-herrera
1221,juan-moreno-fernández
1222,ferni
1223,toni-moya
1224,alberto-rodenas-martinez
1225,juan-aguero-nuñez
1226,joão-felix
1227,cristian-rodríguez
1228,mikel-carro-fandiño
1229,sanchez-de-la-peña
1230,álvaro-morata
1231,borja-garces-moreno
1232,sergio-camello
1233,germán-burgos
1234,jokin-ezkieta-mendiburu
1235,iñaki-peña
1236,pique
1237,nelsinho
1238,juan-brandáriz
1239,junior-firpo
1240,guillem-jaime
1241,marlon
1242,busquets
1243,carles-aleñà
1244,carles-perez
1245,álex-collado
1246,ernesto-valverde
1247,éder-militão
1248,raphaël-varane
1249,reguilon
1250,javier-sánchez
1251,adrián-barquilla
1252,martin-ødegaard
1253,álvaro-fidalgo
1254,francisco-feuillasier-abalo
1255,mariano-díaz
1256,francisco-garcia
1257,jaume-domenech
1258,salva-ruiz
1259,javier-jimenez
1260,hugo-guillamon
1261,dani-parejo
1262,lee-kangin
1263,ruben-sobrino
1264,maxi-gomez
1265,rodrigo
1266,manuel-vallejo
1267,marcelino
1268,voro
1269,alessandro-santopadre
1270,alessandro-turrin
1271,jose-luis-palomino
1272,berat-gjimshiti
1273,patrick-asmah
1274,martin-škrtel
1275,alberto-dossena
1276,eyob-zambataro
1277,matteo-salvi
1278,mbia-seck
1279,stefano-marchetti
1280,alberto-carminati
1281,caleb-okoli
1282,roger-ibanez
1283,nadir-minotti
1284,nicolo-fazzi
1285,davide-agazzi
1286,ruslan-malinovskyi
1287,federico-chiossi
1288,gabriel-lunetta
1289,nicolas-la-vigna
1290,roberto-ranieri
1291,denis-hergheligiu
1292,modou-lamin-badjie
1293,tiziano-tulissi
1294,dejan-kulusekvski
1295,giacomo-parigi
1296,roberto-piccoli
1297,nicolò-cambiaghi
1298,gian-piero-gasperini
1299,raffaele-di-gennaro
1300,dalbert-henrique
1301,milan-škriniar
1302,thomas-schirò
1303,eddy-salcedo-mora
1304,andrea-adorante
1305,davide-merola
1306,sebastiano-esposito
1307,luciano-spalletti
1308,giulio-nuciari
1309,wojciech-szczęsny
1310,paolo-gozzi-iweru
1311,nicolò-fagioli
1312,manolo-portanova
1313,stephy-mavididi
1314,idrissa-toure
1315,hans-nicolussi-caviglia
1316,pablo-moreno-taboada
1317,maurizio-sarri
1318,davide-marfella
1319,alessandro-fortunato-d-andrea
1320,antonio-daniele
1321,joao-pedro-piai
1322,karim-zedadka
1323,antonio-romano
1324,eugenio-d-ursi
1325,vaná
1326,diogo-costa
1327,mouhamed-mbaye
1328,marcano
1329,diogo-queiros
1330,wilson-manafá
1331,renzo-saravia
1332,jesus-corona
1333,sergio-oliveira
1334,luis-díaz
1335,mamadou-ndiaye
1336,romário-baro
1337,tiquinho
1338,abdul-majeed-waris
1339,ze-luís
1340,fábio-silva
1341,sergio--conceição
1342,vítor-bruno
1343,domagoj-bradaric
1344,zeki-çelik
1345,reinildo
1346,tiago-djalo
1347,cheikh-niasse
1348,saad-agouzoul
1349,show
1350,jeremy-pied
1351,yusuf-yazıcı
1352,arton-zekaj
1353,tim-weah
1354,abou-ouattara
1355,virgiliu-postolachi
1356,christophe-galtier
1357,thierry-oleksiak
1358,ciprian-tătărusanu
1359,marçal
1360,jean-lucas
1361,pape-cheikh-diop
1362,lenny-pintor
1363,moussa-dembele
1364,gerald-baticle
1365,marcin-bułka
1366,arthur-zagre
1367,loic-mbe-soh
1368,idrissa-gana-guèye
1369,stanley-nsoki
1370,kylian-mbappe
1371,maxim-choupo-moting
1372,jese-rodríguez
1373,thomas-tuchel
1374,okan-kocuk
1375,eray-i̇scan
1376,ahmet-şen
1377,cedric-carrasso
1378,boran-güngör
1379,nekadio-luyindama
1380,emre-tasdemir
1381,şener-özbayraklı
1382,ahmet-yılmaz-çalık
1383,emirhan-civelek
1384,sefa-özdemir
1385,batuhan-tekin
1386,jean-michaël-seri
1387,ömer-bayram
1388,selçuk-i̇nan
1389,atalay-babacan
1390,celil-yüksel
1391,abdussamed-karnuçu
1392,mustafa-kapı
1393,malik-karaahmet
1394,adem-büyük
1395,mbaye-diagne
1396,yunus-akgün
1397,ali-yavuz-kol
1398,fatih-terim
1399,halit-oğuzhan
1400,şahruddin-məhəmmədəliyev
1401,nicat-mehbalıyev
1402,mammad-hüseynov
1403,ailton-silva
1404,rəsad-fərhad-sadıqov
1405,bədavi-hüseynov
1406,elgün-uluxanov
1407,abbas-hüseynov
1408,nihad-tamazov
1409,əsgər-hüseynov
1410,faycal-rherras
1411,rahil-məmmədov
1412,abdellah-zoubir
1413,donald-guerrier
1414,salman-cəfərov
1415,nicat-süleymanov
1416,cavid-bayramov
1417,i̇brahim-qädirzadä
1418,i̇smayıl-i̇brahimli
1419,hacıağa-hacıyev
1420,araz-abdullayev
1421,tural-bayramov
1422,mahir-emreli
1423,famil-camalov
1424,zaur-fərzəliyev
1425,qurban-qurbanov
1426,jose-sá
1427,eleftherios-choutesiotis
1428,giouri-lontigkin
1429,konstantinos-tzolakis
1430,mohamed-mady-camara
1431,ousseynou-ba
1432,vassilis-torosidis
1433,pape-abou-cisse
1434,ruben-semedo
1435,apostolos-martinis
1436,kostas-fortounis
1437,athanasios-androutsos
1438,giorgos-masouras
1439,georgios-marinos
1440,guerrero
1441,hillel-soudani
1442,fiorin-durmishaj
1443,bruno-souza
1444,franco-soldano
1445,lazar-ranđelovic
1446,alexandros-voilis
1447,youssef-el-arabi
1448,pedro-martins
1449,robbin-ruiter
1450,lars-unnerstall
1451,mike-van-de-meulenhof
1452,jordan-teze
1453,gaston-pereiro
1454,ryan-thomas
1455,érick-gutierrez
1456,michal-sadílek
1457,robin-lauwers
1458,justin-de-haas
1459,richard-ledezma
1460,cody-gakpo
1461,joël-piroe
1462,amar-ćatic
1463,zakaria-aboukhlal
1464,mohammed-ihattaren
1465,andre-onana
1466,benjamin-van-leer
1467,kjell-scherpen
1468,stan-van-bladeren
1469,issam-el-maach
1470,nicolás-tagliafico
1471,edson-álvarez
1472,kik-pierie
1473,lisandro-magallán
1474,lisandro-martínez
1475,perr-schuurs
1476,sergino-dest
1477,noa-lang
1478,răzvan-marin
1479,hassane-bande
1480,lassina-franck-traore
1481,danilo-pereira-da-silva
1482,erik-ten-hag
1483,peter-gulácsi
1484,dayot-upamecano
1485,ibrahima-konate
1486,atınç-nukan
1487,max-winter
1488,luan-cândido
1489,frederik-jäkel
1490,fabrice-hartmann
1491,oliver-bias
1492,tom-krauß
1493,nils-quaschner
1494,jean-kevin-augustin
1495,julian-nagelsmann
1496,robert-klauß
1497,jonas-omlin
1498,đorđe-nikolic
1499,jozef-pukaj
1500,eray-cömert
1501,kostas-dimitriou
1502,omar-alderete
1503,geoffroy-serey-die
1504,yannick-marchand
1505,edon-zhegrova
1506,kemal-ademi
1507,julian-von-moos
1508,tician-tushi
1509,marcel-koller
1510,andrei-lunev
1511,nikita-goilo
1512,aleksandr-vasyutin
1513,nikolay-rybikov
1514,yaroslav-rakitskii
1515,danila-prokhin
1516,yurii-zhirkov
1517,wílmar-barrios
1518,leon-musaev
1519,aleksei-sutormin
1520,luka-đorđevic
1521,jozo-šimunovic
1522,hatem-abd-elhamed
1523,stephen-welsh
1524,tom-rogic
1525,kouassi-eboue
1526,jules-ntcham
1527,ryan-christie
1528,lewis-morgan
1529,vakoun-issouf-bayo
1530,luca-connell
1531,armstrong-okoflex
1532,boli-bolingoli
1533,marian-shved
1534,karamoko-dembele
1535,neil-lennon
1536,kenan-piric
1537,aljaz-cotman
1538,aleksander-rajcevic
1539,žan-kolmanic
1540,špiro-pericic
1541,denis-klinar
1542,luka-koblar
1543,rok-kronaveter
1544,alexandru-cretu
1545,felipe-silva
1546,nino-žugelj
1547,rudi-pozeg-vancas
1548,nardin-mulahusejnovic
1549,syarhey-chernik
1550,dzyanis-shcharbitski
1551,anton-chychkan
1552,aleksei-chernykh
1553,aleksandr-svirski
1554,dzhamaldin-khodzhaniyazov
1555,emil-jonassen
1556,yahor-filipenka
1557,boris-kopitovic
1558,maksim-myakish
1559,maksim-miakish
1560,stanislaw-drahun
1561,ihar-stasevich
1562,alyaksey-ryas
1563,yawhen-byarozkin
1564,dzmitry-baha
1565,willum-þor-willumsson
1566,ilya-manaenkov
1567,andrey-potapenko
1568,denis-tropin
1569,pavel-pashevich
1570,hervaine-moukam
1571,dzmitry-bessmertny
1572,anton-abramovich
1573,yevgeniy-berezkin
1574,uladzislau-mukhamedau
1575,anton-saroka
1576,kiryl-yermakovich
1577,bojan-dubajic
1578,dzmitry-matsiash
1579,alexey-baga
1580,antreas-paraskevas
1581,rafael-romo
1582,theodoulidis-georgios
1583,giorgios-merkis
1584,nicolas-ioannou
1585,carlão
1586,marcos-stylianides
1587,giorgos-efrem
1588,juan-cascini
1589,tomás-de-vincenti
1590,andreas-katsantonis
1591,antreas-artemiou
1592,paris-polikarpou
1593,loukas-kalogirou
1594,urosh-matich
1595,leo-natel
1596,linus-hallenius
1597,andre-vidigal
1598,roman-bezjak
1599,mousa-ta-mari
1600,thomas-doll
1601,pascuale-rocco
1602,danijel-zagorac
1603,dinko-horkas
1604,renato-josipovic
1605,ivo-pinto
1606,kevin-theophile-catherine
1607,marko-gjira
1608,josko-gvardiol
1609,damian-kądzior
1610,arijan-ademi
1611,lovro-majer
1612,iyayi-atiemwen
1613,emir-dilaver
1614,sadegh-moharrami
1615,bartol-franjic
1616,antonio-marin
1617,komnen-andric
1618,mario-šitum
1619,mislav-orsic
1620,roko-baturina
1621,nenad-bjelica
1622,rene-poms
1623,denys-boiko
1624,heorhii-bushchan
1625,tomasz-kędziora
1626,mohammed-kadiri
1627,tamás-kadár
1628,vitalii-mykolenko
1629,denys-popov
1630,denys-harmash
1631,serhii-sydorchuk
1632,vitalii-buyalskyi
1633,viktor-tsyhankov
1634,volodymyr-shepeliev
1635,mikkel-duelund
1636,oleksandr-andriievskyi
1637,oleksandr-karavaiev
1638,sidcley
1639,fran-sol
1640,artem-biesiedin
1641,yevhenii-isaienko
1642,alyaksandr-khatskevich
1643,nick-shinton
1644,odilon-kossonou
1645,emmanuel-dennis
1646,percy-tau
1647,david-okereke
1648,cyril-ngonge
1649,amadou-sagna
1650,andre-hansen
1651,rasmus-sandberg
1652,gustav-valsvik
1653,vegar-eggen-hedenstad
1654,sondre-skogen
1655,mikael-tørset-johnsen
1656,gjermund-åsen
1657,đorđe-denic
1658,emil-ceide
1659,babajide-akintola
1660,teodor-haltvik
1661,filip-brattbakk
1662,eirik-horneland
1663,přemysl-kovář
1664,ondřej-kolar
1665,jan-bořil
1666,tomás-soucek
1667,ondřej-kudela
1668,jaroslav-zelený
1669,alex-král
1670,tomás-holes
1671,alexandru-bălută
1672,lukás-masopust
1673,petr-ševcík
1674,ibrahim-traore
1675,oscar-dorley
1676,milan-škoda
1677,abdulla-yusuf
1678,jindřich-trpisovský
1679,gaëtan-coucke
1680,maarten-vandevoordt
1681,tobe-leysen
1682,sebastien-dewaest
1683,amine-khammas
1684,jhon-lucumí
1685,carlos-cuesta
1686,neto-borges
1687,joren-leyssens
1688,shawn-adewoye
1689,joakim-mæhle
1690,benson-manuel
1691,casper-de-norre
1692,vladimir-screciu
1693,joseph-paintsil
1694,jakub-piotrowski
1695,raf-smekens
1696,mbwana-samatta
1697,zinho-gano
1698,benjamin-nygren
1699,adriano-bertaccini
1700,felice-mazzù
1701,ulisses-garcia
1702,nicolas-bürgy
1703,cedric-zesiger
1704,mohamed-aly-camara
1705,esteban-petignat
1706,pascal-schüpbach
1707,christopher-martins
1708,nicolas-ngamaleu
1709,marvin-spielmann
1710,sandro-lauper
1711,roger-assale
1712,jean-pierre-nsame
1713,felix-mambimbi
1714,gerardo-seoane
1715,ross-treacy
1716,aaron-mccarey
1717,andy-boyle
1718,cameron-dummigan
1719,dean-jarvis
1720,stephen-folan
1721,daniel-cleary
1722,dylan-hand
1723,cian-lee
1724,sean-murray
1725,daniel-kelly
1726,jordan-flores
1727,mark-hanratty
1728,cian-flynn
1729,patrick-hoban
1730,georgie-kelly
1731,lido-lotefa
1732,vinny-perth
1733,john-gill
1734,jonathan-joubert
1735,joe-frising
1736,enzo-esposito
1737,deņiss-pērkons
1738,tim-kips
1739,tom-schnell
1740,delvin-skenderovic
1741,thibaut-lesquoy
1742,mehdi-kirch
1743,salif-drame
1744,ricardo-delgado
1745,mohamed-bouchouari
1746,noe-ewert
1747,chris-stumpf
1748,sabir-bougrine
1749,mickaël-garos
1750,dominik-stolz
1751,mario-pokar
1752,danel-sinani
1753,charles-morren
1754,marc-andre-kruska
1755,jordann-yeye
1756,ryan-klapp
1757,laurent-mendy
1758,sanel-ibrahimovic
1759,bertino-joão-barbosa
1760,bryan-melisse
1761,sofian-benzouien
1762,edvin-muratovic
1763,antoine-bernier
1764,edis-agovic
1765,nicolas-perez
1766,patrick-stumpf
1767,adel-bettaieb
1768,corenthyn-lavie
1769,laurent-pomponi
1770,omar-natami
1771,mehdi-ouamri
1772,hearvin-djetou
1773,emilio-ferrera
1774,sten-grytebust
1775,mads-roerslev
1776,karlo-bartolec
1777,victor-nelsson
1778,jacob-steffensen
1779,rasmus-falk
1780,robert-mudrazija
1781,jens-stage
1782,pep-mas
1783,ahmed-daghim
1784,mohammed-daramy
1785,ståle-solbakken
1786,carlos-miguel
1787,jerôme-onguene
1788,andre-ramalho
1789,jasper-van-der-werff
1790,majeed-ashimeru
1791,youba-diarra
1792,albert-vallci
1793,sekou-koita
1794,hwang-heechan
1795,masaya-okugawa
1796,erling-håland
1797,jesse-marsch
1798,eloy-casals
1799,joel-garcía
1800,andres-benítez
1801,andreu-ramos
1802,robert-ramos
1803,moises-san-nicolás
1804,juanma-miranda
1805,jamal-zarioh
1806,marc-rebes
1807,chus-sosa
1808,gabi-riera
1809,toze
1810,aleix-cistero
1811,yago-perez
1812,francisco-girau
1813,enric-pi
1814,romero-diaz
1815,txus-rubio
1816,jordi-aláez
1817,andre-azevedo
1818,diego-nájera
1819,joel-ferreira
1820,javier-camochu
1821,nicolás-medina
1822,marc-rodriguez-rebull
1823,cristian-millan
1824,zvonimir-mikulic
1825,sergiu-juric
1826,dumitru-celeadnic
1827,vladislav-liharev
1828,jarosław-jach
1829,benjamin-balima
1830,artem-hordiienko
1831,ousmane-n-diaye
1832,maxim-cojocaru
1833,mateo-muzek
1834,vadim-dijinari
1835,evghenii-berco
1836,ariel-borysiuk
1837,yury-kendysh
1838,gabrijel-boban
1839,andrii-bliznichenko
1840,antun-palic
1841,jose-jurado
1842,alexandr-belousov
1843,mihail-ghecev
1844,robert-ndip-tambe
1845,itallo-vizacre
1846,victor-mihailov
1847,goran-sablic
1848,zoran-zekic
1849,matus-kozácik
1850,dominik-svácek
1851,david-limberský
1852,radim-řezník
1853,lukás-hejda
1854,marián-čisovský
1855,roman-hubník
1856,luděk-pernica
1857,ondřej-mihálik
1858,patrik-hrosovský
1859,tomás-hořava
1860,jan-kovařík
1861,ales-čermák
1862,roman-procházka
1863,christián-herc
1864,moses-ekpai
1865,lukás-kalvach
1866,dominik-janosek
1867,joel---ngandu
1868,michal-krmencík
1869,tomás-chorý
1870,pavel-vrba
1871,danil-podymskiy
1872,stanislav-pavlov
1873,oleg-medvedev
1874,žarko-tomasevic
1875,luka-šimunovic
1876,ivan-maewski
1877,alim-ilyassov
1878,dauren-iskakov
1879,samat-bortay
1880,samat-mazhit
1881,zhantore-zhumadilov
1882,adilzhan-dyusembaev
1883,ravil-ibragimov
1884,lászlo-kleinheisler
1885,runar-már-sigurjonsson
1886,abay-zhunusov
1887,lev-skvortsov
1888,zhaslan-kairkenov
1889,firmin-mubele
1890,rangelo-janga
1891,ramazan-karimov
1892,stanislav-basmanov
1893,daniil-pichkarev
1894,sergei-khizhnichenko
1895,grigoriy-babayan
1896,roman-hryhorchuk
1897,andrii-pyatov
1898,oleksii-shevchenko
1899,anatolii-trubin
1900,yevhen-hrytsenko
1901,serhii-kryvtsov
1902,maksym-malyshev
1903,bohdan-butko
1904,mykola-matviienko
1905,valerii-bondar
1906,oleksandr-pikhalonok
1907,marcos-antonio-bahia
1908,mateus-cardoso-tetê
1909,junior-moraes
1910,serhii-bolbat
1911,manor-solomon
1912,danylo-sikan
1913,luís-castro
1914,roy-carroll
1915,gareth-deane
1916,alex-moore
1917,conor-mitchell
1918,rohan-ferguson
1919,chris-casement
1920,mark-haughey
1921,matthew-clarke
1922,mark-stafford
1923,andy-mitchell
1924,joshua-robinson
1925,caomhan-mcguinness
1926,trai-hume
1927,jamie-mulgrew
1928,jordan-stewart
1929,jimmy-callacher
1930,stephen-fallon
1931,bastien-hery
1932,daniel-kearns
1933,brandon-doyle
1934,joel-cooper
1935,benny-möller
1936,jake-corbett
1937,andy-waterworth
1938,kirk-millar
1939,adam-carroll
1940,daniel-reynolds
1941,lorcan-forde
1942,ross-larkin
1943,charlie-allen
1944,david-healy
1945,faruk-çakır
1946,ahmet-kivanç
1947,mert-günok
1948,onur-güney
1949,serdar-tasçı
1950,uğur-uçar
1951,junior-caiçara
1952,aurelien-chedjou
1953,miguel-vieira
1954,mustafa-kutay-peksen
1955,márcio-mossoro
1956,emre-belözoğlu
1957,i̇rfan-can-kahveci
1958,gökhan-i̇nler
1959,cheikhou-dieng
1960,alican-özfesli
1961,soner-aydoğdu
1962,okechukwu-azubuike
1963,ponck
1964,mustafa-toprak
1965,salim-farsak
1966,mert-çelik
1967,enes-karakus
1968,efecan-barlık
1969,muhammet-demir
1970,i̇rfan-saraloğlu
1971,cosmin-moţi
1972,anton-nedyalkov
1973,dragoș-grigore
1974,anicet-andrianantenaina
1975,serkan-yusein
1976,dimo-bakalov
1977,stephane-badji
1978,dan-biton
1979,ivan-yordanov
1980,jakub-świerczok
1981,claudiu-keșerü
1982,mavis-tchibota
1983,stoycho-stoev
1984,ivan-zlobin
1985,ruben-dias
1986,andre-almeida
1987,ferro
1988,germán-conti
1989,nuno-tavares
1990,joão-ferreira
1991,andrija-živkovic
1992,ljubomir-fejsa
1993,rafa-silva
1994,chiquinho
1995,gedson
1996,florentino-luís
1997,carlos-vinícius
1998,caio
1999,jhonder-cádiz
2000,raul-de-tomás
2001,jota
2002,bruno-lage
2003,paul-harrison
2004,lewis-dutton
2005,simon-spender
2006,blaine-hudson
2007,chris-marriott
2008,lewis-kaye
2009,adam-hughes
2010,keston-davies
2011,joash-nembhard
2012,kane-lewis
2013,jack-bodenham
2014,josh-hmami
2015,jon-routledge
2016,jamie-mullan
2017,aeron-edwards
2018,adrian-cieslewicz
2019,ryan-brobbel
2020,ben-clark
2021,chris-craven
2022,billy-whitehouse
2023,ryan-harrington
2024,greg-draper
2025,kurtis-byrne
2026,dean-ebbe
2027,scott-ruscoe
2028,alexander-schlager
2029,thomas-gebauer
2030,tobias-lawal
2031,markus-wostry
2032,jan-boller
2033,rene-renner
2034,peter-michorl
2035,reinhold-ranftl
2036,philipp-wiesinger
2037,gernot-trauner
2038,inpyo-oh
2039,dominik-frieser
2040,valentino-müller
2041,thomas-sabitzer
2042,stefan-haudum
2043,daniel-jelisic
2044,thomas-goiginger
2045,marko-raguz
2046,yusuf-otubanjo
2047,klauss
2048,david-schnegg
2049,daniel-olaniyi
2050,ugochukwu-oduenyi
2051,valerien-ismaël
2052,matej-markovic
2053,vladen-kovacevic
2054,elvis-dzafic
2055,belmin-dizdarevic
2056,besim-šerbecic
2057,dusan-hodzic
2058,halid-šabanovic
2059,darko-lazic
2060,amer-dupovac
2061,numan-kurdic
2062,selmir-pidro
2063,andrej-đokanovic
2064,armin-imamovic
2065,slobodan-milanovic
2066,aladin-šisic
2067,anel-hebibovic
2068,amar-rahmanovic
2069,milos-stanojevic
2070,alen-mustafic
2071,mirko-oremus
2072,bojan-letic
2073,kenan-dervisagic
2074,đani-salcin
2075,nebojsa-gavric
2076,mersudin-ahmetovic
2077,nedim-hadzic
2078,krste-velkoski
2079,benjamin-tatar
2080,gedeon-guzina
2081,nathan-crepaldi
2082,husref-musemic
2083,pavel-londak
2084,vitali-teles
2085,henri-perk
2086,aleksandr-kulinits
2087,vladimir-avilov
2088,william-gustavo
2089,andrii-markovych
2090,maximiliano-uggè
2091,kermo-pihelgas
2092,martin-mägi
2093,mikk-reintam
2094,vladyslav-khomutov
2095,roman-sobtsenko
2096,igor-subbotin
2097,deniss-tjapkin
2098,reginald-mbu-alidor
2099,nikolai-masitsev
2100,frank-liblikmann
2101,peeter-klein
2102,kristjan-kurim
2103,nikolai-mashichev
2104,marcus-suurväli
2105,aleksandr-ivanjusin
2106,max-mata
2107,sander-puri
2108,robert-kirss
2109,kaspar-paur
2110,alex-matthias-tamm
2111,liliu
2112,jevgeni-demidov
2113,aleksandr-volkov
2114,roman-kozhukhovskii
2115,markus-uusitalo
2116,robin-källman
2117,henri-toivomäki
2118,faith-obilor
2119,daniel-o-shaughnessy
2120,roni-peiponen
2121,joonas-vahtera
2122,otto-ollikainen
2123,victor-luiz
2124,samir-bayramov
2125,samu-laitinen
2126,kaan-kairinen
2127,harmeet-singh
2128,sebastian-dahlström
2129,eetu-vertainen
2130,santeri-väänänen
2131,erfan-zeneli
2132,petteri-forsell
2133,william-parra
2134,marco-bueno
2135,evans-mensah
2136,nikolai-alho
2137,riku-riski
2138,akseli-pelvas
2139,julius-tauriainen
2140,sekou-camara
2141,toni-koskela
2142,oscar-linner
2143,budimir-janosevic
2144,kenny-stamatopoulos
2145,karol-mets
2146,felix-melki
2147,rasmus-lindkvist
2148,per-karlsson
2149,robert-lundström
2150,adam-ben-lamin
2151,jesper-nyholm
2152,joel-ekstrand
2153,panajotis-dimitriadis
2154,enoch-adu
2155,anton-saletros
2156,bilal-hussein
2157,daniel-granli
2158,kolbeinn-sigþorsson
2159,heradi-rashidi
2160,saku-ylätupa
2161,rikard-norling
2162,matvei-safonov
2163,sergei-eshchenko
2164,jon-guðni-fjoluson
2165,alyaksandr-martynovich
2166,aleksei-gritsaenko
2167,dmitrii-skopintsev
2168,sergei-borodin
2169,younes-namli
2170,yurii-gazinskii
2171,ivan-taranov
2172,kaio-pantaleão
2173,aleks-matsukatov
2174,dmitrii-stotskii
2175,daniil-utkin
2176,aleksandr-chernikov
2177,markus-berg
2178,nikolai-markov
2179,shapi-suleimanov
2180,ivan-ignatjev
2181,nikita-sergeev
2182,sergey-matveev
2183,murilo
2184,vedran-ćorluka
2185,saba-kvirkvelia
2186,dmitrii-zhivoglyadov
2187,stanislav-magkeev
2188,aleksei-miranchuk
2189,dmitrii-barinov
2190,aleksandr-kolomeitsev
2191,dmitrii-rybchinskii
2192,nikita-dorofeev
2193,timur-suleimanov
2194,yurii-semin
2195,oleg-pashinin
2196,jesus-fernández
2197,cosmin-vâtcă
2198,adrian-rus
2199,răzvan-horj
2200,camora
2201,paulo-vinicius
2202,andrei-burcă
2203,andrei-peteleu
2204,mike-cestor
2205,rareș-ispas
2206,damjan-đokovic
2207,michaël-pereira
2208,alexandru-păun
2209,emmanuel-culio
2210,mihai-bordeianu
2211,andrei-muresan
2212,sebastian-mailat
2213,luís-aurelio
2214,claudiu-petrila
2215,cătălin-mihai-itu
2216,valentin-ionuţ-costache
2217,george-țucudean
2218,mário-rondon
2219,billel-omrani
2220,patryk-krolczyk
2221,jakub-szmatuła
2222,frantisek-plach
2223,jakub-czerwiński
2224,bartosz-rymaniak
2225,marcin-pietrowski
2226,uros-korun
2227,damian-byrtek
2228,martin-konczkowski
2229,mikkel-kirkeskov
2230,jakub-holubek
2231,jorge-felix
2232,tom-hateley
2233,patryk-dziczek
2234,aleksander-jagiełło
2235,denis-gojko
2236,patryk-sokołowski
2237,sebastian-milewski
2238,tomás-huk
2239,gerard-badía
2240,remigiusz-borkała
2241,tomasz-mokwa
2242,michał-rakowiecki
2243,piotr-parzyszek
2244,dani-aquino
2245,łukasz-krakowczyk
2246,dominik-steczyk
2247,karol-stanek
2248,waldemar-fornalik
2249,henry-bonello
2250,andrea-spiteri
2251,yenez-cini
2252,ryan-camilleri
2253,nicholas-pulis
2254,julian-cruz-gill
2255,jean-borg
2256,steve-borg
2257,joseph-zerafa
2258,jonathan-caruana
2259,eslit-sala
2260,bogdan-gavrilă
2261,shaun-dimech
2262,jeremy-micallef
2263,kyrian-nwoko
2264,enmy-peña
2265,antonio-monticelli
2266,ryan-tonna
2267,kenley-scerri
2268,douglas-packer
2269,russell-fenech
2270,santiago-malano
2271,rowen-muscat
2272,raed-ibrahim
2273,matteo-piciollo
2274,miguel-alba
2275,mario-fontanella
2276,bojan-kaljevic
2277,kevin-tulimieri
2278,zied-essoussi
2279,gilbert-agius
2280,darren-abdilla
2281,ivan-kardum
2282,vilius-stebrys
2283,saulius-klevinskas
2284,ignas-plukas
2285,algis-jankauskas
2286,semir-kerla
2287,vaidas-slavickas
2288,aleksandar-živanovic
2289,povilas-leimonas
2290,darius-isoda
2291,ivan-hladík
2292,renan-oliveira
2293,guilherme-ozelame
2294,eligijus-jankauskas
2295,ovidijus-verbickas
2296,andro-švrljuga
2297,bruno-dybal
2298,giedrius-matulevicius
2299,robertas-vėzevicius
2300,sergejus-amirzianis
2301,jovan-čađenovic
2302,gratas-sirgėdas
2303,paulius-golubickas
2304,mihret-topcagic
2305,sandro-gotal
2306,alassane-n-diaye
2307,vladimir-cheburin
2308,roberts-ozols
2309,maksims-uvarenko
2310,nils-toms-puriņs
2311,niks-aleksandrovs
2312,herdi-prenga
2313,georgios--valerianos
2314,antonijs-černomordijs
2315,volodymyr-baienko
2316,stefan-panic
2317,mārtiņs-pļāvējs
2318,ņikita-skļarenko
2319,felipe-brisola
2320,tomislav-šaric
2321,roman-debelko
2322,ivans-lukjanovs
2323,oļegs-laizāns
2324,joël-bopesu
2325,minori-sato
2326,kriss-andersons
2327,myroslav-slavov
2328,elvis-stuglis
2329,aleksejs-visņakovs
2330,armands-pētersons
2331,deniss-rakeļs
2332,vladislavs-fjodorovs
2333,kamil-biliński
2334,arturs-karasausks
2335,mihails-koņevs
2336,daniel-tenenbaum
2337,daniel-peretz
2338,omer-katz
2339,saborit
2340,eitan-tibi
2341,geraldes
2342,shahar-piven
2343,eylon-almog
2344,ron-gabay
2345,ran-vaturi
2346,noam-cohen
2347,ruslan-barsky
2348,sherran-yeini
2349,maor-kandil
2350,uros-nikolic
2351,eduardo-guerrero
2352,eden-karzev
2353,nadav-aviv-niddam
2354,bar-cohen
2355,chico-ofoedu
2356,etey-shechter
2357,matan-hozez
2358,eyal-chen
2359,vladimir-ivic
2360,belgo-yandonti
2361,hannes-þor-halldorsson
2362,anton-einarsson
2363,sveinn-johannesson
2364,birkir-már-sævarsson
2365,bjarni-eiríksson
2366,eiður-sigurbjörnsson
2367,sebastian-hedlund
2368,lasse-petry
2369,kaj-leo-í-bartalsstovu
2370,haukur-sigurðsson
2371,einar-ingvarsson
2372,kristinn-halldorsson
2373,sigurður-lárusson
2374,kristinn-sigurðsson
2375,orri-ómarsson
2376,andri-adolphsson
2377,patrick-pedersen
2378,ólafur-karl-finsen
2379,ívar-örn-jonsson
2380,valgeir-lunddal-friðriksson
2381,garðar-gunnlaugsson
2382,ólafur-johannesson
2383,sigurbjörn-hreiðarsson
2384,dávid-grof
2385,denes-dibusz
2386,gergő-szecsi
2387,marcel-heister
2388,leandro-almeida
2389,endre-botka
2390,julian-koch
2391,kenneth-otigba
2392,miha-blazic
2393,lasha-dvali
2394,márk-könczey
2395,ihor-kharatin
2396,danylo-ihnatenko
2397,tokmac-nguen
2398,eldar-čivic
2399,lukács-bőle
2400,dávid-siger
2401,isael
2402,mikalay-signevich
2403,michal-škvarka
2404,franck-boli
2405,tamás-priskin
2406,gergő-lovrencsics
2407,roland-varga
2408,krisztofer-szerető
2409,sergiy-rebrov
2410,živko-živkovic
2411,marios-siampanis
2412,alexandros-paschalakis
2413,symeon-papadopoulos
2414,sverrir-ingi-ingason
2415,dimitris-giannoulis
2416,enea-mihaj
2417,stylianos-malezas
2418,jose-crespo
2419,leftheris-lyratzis
2420,rodrigo
2421,douglas-augusto
2422,ergys-kaçe
2423,dimitris-pelkas
2424,leo-matos
2425,maurício
2426,konstantinos-balogiannis
2427,lazaros-lamprou
2428,dimitris-limnios
2429,leo-jabá
2430,karol-świderski
2431,antonios-gaitanidis
2432,lolo-soler
2433,lucio-cid-hernando
2434,jaylan-hankins
2435,alex-caro
2436,kyle-goldwin
2437,toscano
2438,marcos-perez
2439,roy-chipolina
2440,joseph-chipolina
2441,tarik-chryaeh
2442,jean-carlos-garcía
2443,daniel-duarte
2444,kenneth-chipolina
2445,bernardo-lopes
2446,ethan-britto
2447,alvaro-oliver-paris
2448,ethan-thorne-llambias
2449,pablo-rubio
2450,alain-pons
2451,kyle-casciaro
2452,antonio-calderon
2453,alex-moreno-cerillo
2454,andrezinho
2455,juan-manuel-montesinos-romero
2456,anthony-hernandez
2457,federico-cataruozzolo
2458,borja-gil-albarracín
2459,kike-gomez
2460,iván-aguilar
2461,hector-figueroa
2462,gato
2463,ide
2464,michael-ruiz
2465,lee-casciaro
2466,george-cabrera
2467,falu-aranda
2468,jamie-coombes
2469,sergio-molina
2470,víctor-afonso
2471,zoran-popovic
2472,radovan-pankov
2473,jose-cañas
2474,dusan-jovancic
2475,veljko-simic
2476,milos-vulic
2477,aleksa-vukanovic
2478,njegos-petrovic
2479,veljko-nikolic
2480,el-fardou-ben-nabouhane
2481,richmond-boakye-yiadom
2482,tomane
2483,srđan-babic
2484,nikola-krstovic
2485,vladan-milojevic
2486,suad-licina
2487,vladan-giljen
2488,darko-micanovic
2489,aleksandar-šofranac
2490,aleksandar-vlahovic
2491,darko-bulatovic
2492,dragan-grivic
2493,bojan-ciger
2494,miljan-vlaisavljevic
2495,milovan-petrovikj
2496,marko-vucic
2497,aleksa-marusic
2498,vladan-bubanja
2499,nemanja-nedic
2500,stefan-stefanovic
2501,branislav-jankovic
2502,milutin-osmajic
2503,novica-erakovic
2504,marko-ćetkovic
2505,stefan-cicmil
2506,žarko-grbovic
2507,ivan-toljic
2508,stefan-nikolic
2509,veljko-vukovic
2510,bojan-bozovic
2511,bozo-markovic
2512,danilo-šofranac
2513,zakaria-al-harish
2514,nikola-rakojevic
2515,kostadin-zahov
2516,artan-iljazi
2517,bekim-redjepi
2518,saljadin-mustafi
2519,egzon-bejtulai
2520,mevlan-murati
2521,leard-sadriu
2522,zija-merdzhani
2523,almir-redzhepi
2524,izair-emini
2525,remzifaik-selmani
2526,armend-alimi
2527,ennur-totre
2528,arbin-zejnulai
2529,iljaz-chiljafi
2530,konstantin-cheshmedzhiev
2531,omar-imeri
2532,berat-beqiri
2533,medjit-neziri
2534,zeni-husmani
2535,jakup-berisha
2536,florent-ramadani
2537,besart-redjepi
2538,jeton-shahini
2539,stenio-junior
2540,besart-ibraimi
2541,marjan-radeski
2542,shefit-shefiti
2543,ensar-ljuma
2544,valjmir-nafu
2545,aljbin-ramadani
2546,qatip-osmani
2547,alban-hoxha
2548,livio-malaj
2549,holger-xhameta
2550,william-cordeiro
2551,lum-rexhepi
2552,alma-abbo-wakili
2553,reinaldo-kalari
2554,labinot-ibrahimi
2555,egzon-belica
2556,senad-hysenaj
2557,eneo-bitri
2558,hektor-idrizaj
2559,ded-noka
2560,ilirian-dushaj
2561,esin-hakaj
2562,aristoteles-romero
2563,rron-broja
2564,bruno-telushi
2565,dilly-duka
2566,lorenc-trashi
2567,jurgen-bardhi
2568,jasir-asani
2569,esat-mala
2570,ardit-hila
2571,eneid-kodra
2572,kristi-kote
2573,besnik-ferati
2574,alban-gjinaj
2575,alesio-kolonja
2576,kelvi-karati
2577,nilsen-gjinaj
2578,brian-brown
2579,so-hyon-uk
2580,emmanuel-mensah
2581,eraldo-çinari
2582,solomon-theophilus
2583,rubin-hebaj
2584,joan-çela
2585,joseph-ekuban
2586,franco-lerda
2587,dominik-greif
2588,matus-ruzinský
2589,michal-šulla
2590,martin-trnovský
2591,myenty-abena
2592,artem-sukhotskii
2593,richárd-guzmics
2594,vernon
2595,mitch-apau
2596,vasil-bozhikov
2597,samuel-kozlovský
2598,jurij-medveděv
2599,mohammed-khadfi
2600,david-holman
2601,nono
2602,aleksandar-čavric
2603,kenan-bajric
2604,ibrahim-rabiu
2605,joeri-de-kamps
2606,dávid-strelec
2607,marin-ljubicic
2608,denis-potoma
2609,erik-daniel
2610,rafael-ratão
2611,andraz-šporar
2612,boris-cmiljanic
2613,vladimir-radenkovic
2614,ján-kozák
2615,flamur-neziri
2616,jacek-deniz-troshupa
2617,florian-smakiqi
2618,lapidar-lladrovci
2619,perparim-islami
2620,arbër-potoku
2621,lulzim-doshlaku
2622,astrit-thaçi
2623,ahmet-haliti
2624,haxhi-shala
2625,vlorsim-istogu
2626,besnik-krasniqi
2627,arber-prekazi
2628,lorent-shala
2629,drilon-lladrovci
2630,milos-krkotic
2631,drin-lladrovci
2632,mentor-zhdrella
2633,behar-maliqi
2634,argjend-bardhi
2635,burim-qorri
2636,albert-dabiqaj
2637,yll-hoxha
2638,argjend-malaj
2639,met-millaku
2640,albutrint-morina
2641,adenis-shala
2642,jean-carioca
2643,besmir-bojku
2644,mark-milicaj
2645,mevlan-zeka
2646,mendurim-hoti
2647,asdren-gashi
2648,diar-prokshi
2649,mirlind-demaku
2650,gentrit-hasi
2651,astrit-fazliu
2652,kastriot-rexha
2653,jetmir-topalli
2654,zekirija-ramadani
2655,alfredo-chierighini
2656,mattia-migani
2657,mauro-lanzoni
2658,alex-colonna
2659,dario-merendino
2660,christofer-genestreti
2661,davide-cesarini
2662,mirko-palazzi
2663,giovanni-casolla
2664,alex-gasperoni
2665,nicola-gai
2666,pietro-calzolari
2667,luca-patregnani
2668,nicola-chiaruzzi
2669,giacomo-zafferani
2670,stefano-fraternali
2671,riccardo-santini
2672,thomas-de-marini
2673,daniele-amadei
2674,enrico-cibelli
2675,matteo-derjai
2676,riccardo-innocenti
2677,federico-innocenti
2678,luca-olivieri
2679,marco-ringucci
2680,matteo-semprini
2681,michael-battistini
2682,francesco-perrotta
2683,simone-nanni
2684,michael-angelini
2685,kevin-marigliano
2686,luca-albani
2687,luca-ceccaroli
2688,raul-ura
2689,andrea-zanotti
2690,luca-sorrentino
2691,stefano-ceci
2692,dmitri-abakumov
2693,stefan-čupic
2694,nikolaos-melikian
2695,arman-nersesyan
2696,dmitry-guz
2697,ângelo
2698,rochdi-achenteh
2699,albert-khachumyan
2700,alex-junior
2701,artur-danielian
2702,aleksandar-damcevski
2703,liam-rose
2704,giovanny-martínez
2705,gor-malakyan
2706,armen-hambardzumyan
2707,alphonse
2708,ilja-antonov
2709,petros-avetisyan
2710,armen-nahapetyan
2711,jerry-ortíz
2712,samvel-spertsyan
2713,artem-avanesyan
2714,narek-alaverdyan
2715,armen-ambartsumyan
2716,furdjel-narsingh
2717,mailson
2718,ogana-louis
2719,jean-jacques-bougouhi
2720,anton-kobyalko
2721,zakaria-sanogo
2722,zhirayr-shaghoyan
2723,vardan-minasyan
2724,artak-oseyan
2725,omar-migineishvili
2726,goga-naskidashvili
2727,beka-kurdadze
2728,denys-shelikhov
2729,lazare-kupatadze
2730,nika-sandokhadze
2731,levan-kakubava
2732,giorgi-rekhviashvili
2733,grigol-chabradze
2734,gagi-margvelashvili
2735,luka-lakvekheliani
2736,tedore-grigalashvili
2737,toma-khubashvili
2738,nikoloz-mali
2739,jemali-giorgi-jinjolava
2740,iuri-tabatadze
2741,inters-gui
2742,giorgi-kokhreidze
2743,sandro-altunashvili
2744,tera-alwyn
2745,tornike-gorgiashvili
2746,giorgi-diasamidze
2747,dachi-tsnobiladze
2748,vagner-gonçalves
2749,ognjen-rolovic
2750,giorgi-gabedava
2751,giorgi-guliashvili
2752,giorgi-tchiabrishvili
2753,lasha-nozadze
2754,teitur-gestsson
2755,niklas-thomsen
2756,mattias-lamhauge
2757,bjarti-vitalis-mørk
2758,rene-joensen
2759,bartal-wardum
2760,pál-joensen
2761,jákup-hansen
2762,tori-rasmussen
2763,roi-av-flotum
2764,andrias-mikkelsen
2765,bjarni-brimnes
2766,brynjar-hlöðversson
2767,lasse-andersen
2768,tormoður-djurhuus
2769,ari-olsen
2770,hørður-askham
2771,pætur-petersen
2772,jogvan-davidsen
2773,trondur-jensen
2774,daniel-johansen
2775,rokur-jespersen
2776,adrian-justinussen
2777,magnus-egilsson
2778,hjalti-djurhuus
2779,andreas-breimyr
2780,símun-samuelsen
2781,dan-í-soylu
2782,símun-solheim
2783,sebastian-pingel
2784,ari-mohr-olsen
2785,arnbjørn-hansen
2786,villiam-emil-klein
2787,heimir-guðjonsson
2788,gen-shōji
2789,kelvin-amian-adou
2790,agustín-rogel
2791,bafode-diakite
2792,efthimios-koulocheris
2793,kalidou-sidibe
2794,nathan-n-goumou
2795,sam-sanna
2796,max-alain-gradel
2797,alain-casanova
2798,gautier-larsonneur
2799,donovan-leon
2800,julien-faussurier
2801,brendan-chardonnet
2802,jean-charles-castelletto
2803,david-kiki
2804,denys-bain
2805,gaëtan-belaud
2806,mathias-autret
2807,haris-belkebla
2808,ferris-n-goma
2809,yoann-court
2810,kevin-mayi
2811,derick-osei-yaw
2812,olivier-dall’oglio
2813,yohann-pele
2814,ahmadou-bamba-dia
2815,duje-ćaleta-car
2816,abdallah-ali-mohamed
2817,saîf-eddine-khaoui
2818,gregory-sertic
2819,florian-chabrolle
2820,alexandre-phliponeau
2821,darío-benedetto
2822,marley-ake
2823,isaac-lihadji
2824,andre-villas-boas
2825,matis-carvalho
2826,daniel-congre
2827,mathías-suárez
2828,teji-savanier
2829,mihajlo-ristic
2830,joris-chotard
2831,gaëtan-laborde
2832,petar-škuletic
2833,bilal-boutobba
2834,michel-der-zakarian
2835,teddy-richert
2836,eddy-sylvestre
2837,khephren-thuram-ulie
2838,assil-jaziri
2839,mickaël-le-bihan
2840,ignatius-kpene-ganago
2841,lionel-letizi
2842,frederic-gioria
2843,benoît-costil
2844,gaëtan-poussin
2845,loic-bessile
2846,yassine-benrahou
2847,albert-lottin
2848,françois-kamano
2849,hwang-uijo
2850,stephane-ruffier
2851,harold-moukoudi
2852,nelson-sissoko
2853,mickaël-nade
2854,franck-honorat
2855,kevin-monnet-paquet
2856,ghislain-printant
2857,laurent-huard
2858,runar-alex-runarsson
2859,kahamba-ntumba
2860,didier-ibrahim-ndong
2861,jordan-marie
2862,mama-balde
2863,bryan-soumare
2864,julio-tavares
2865,rayan-philippe
2866,david-linarès
2867,stephane-jobard
2868,elias-damergy
2869,hamari-traore
2870,souleymane-doumbia
2871,sacha-boey
2872,clement-grenier
2873,eduardo-camavinga
2874,mbaye-niang
2875,yann-gboho
2876,isaac-matondo
2877,lucas-da-cunha
2878,julien-stephan
2879,regis-gurtner
2880,prince-desir-gouano
2881,sanasi-sy
2882,valentin-gendrey
2883,mahdi-talal
2884,rafał-kurzawa
2885,stiven-mendoza
2886,jack-lahne
2887,cheick-timite
2888,ulrick-brad-eneme-ella
2889,luka-elsner
2890,danijel-petkovic
2891,ibrahim-cisse
2892,theo-pellenard
2893,ismaël-traore
2894,farid-el-melali
2895,mathias-pereira-lage
2896,cristian-lopez
2897,wilfride-kanga
2898,stephane-bahoken
2899,anthony-gomez-mancini
2900,stephane-moulin
2901,serge-le-dizet
2902,arnauld-lucas
2903,fábio
2904,molla-wague
2905,lima
2906,thomas-basila
2907,josue-homawoo
2908,abou-ba
2909,abdoulaye-toure
2910,abdoulaye-dabo
2911,imran-louza
2912,abdoul-kader-bamba
2913,elie-youan
2914,willy-grondin
2915,christian-gourcuff
2916,patrick-collot
2917,guillaume-dietsch
2918,thomas-delaine
2919,mamadou-fofana
2920,manuel-cabit
2921,abdoulie-jallow
2922,sami-lahssaini
2923,raouf-mroivili
2924,fabien-centonze
2925,thierry-ambrose
2926,adama-traore
2927,amadou-dia-ndiaye
2928,frederic-antonetti
2929,vincent-hognon
2930,nicolas-lemaître
2931,dialy-kobaly-ndiaye
2932,sambou-sissoko
2933,arbër-zeneli
2934,alaixys-romao
2935,marshall-munetsi
2936,moreto-cassamá
2937,boulaye-dia
2938,suk-hyunjun
2939,virgile-pinson
2940,moise-sakava
2941,timothee-nkada
2942,nathanael-mbuku
2943,david-guion
2944,sebastien-hamel
2945,stephane-dumont
2946,benoît-mukinayi
2947,fàbregas
2948,rony
2949,adama-traore
2950,keita-balde
2951,lyle-foster
2952,leonardo-jardim
2953,lucas-dias
2954,loick-landre
2955,sidy-sarr
2956,anthony-briançon
2957,gaëtan-paquiez
2958,mustapha-diallo
2959,haris-duljevic
2960,vlatko-stojanovski
2961,ahoueke-denkey
2962,bernard-blaquart
2963,louis-pelletier
2964,lamine-kone
2965,abdallah-n-dour
2966,mootaz-zemzemi
2967,mohamed-simakan
2968,jean-ricner-bellegarde
2969,kevin-lucien-zohi
2970,ismael-aaneba
2971,youssouf-fofana
2972,adrien-lebeau
2973,nuno-joia
2974,thierry-laurey
2975,fabien-lefèvre
2976,julian-krahl
2977,frederik-sørensen
2978,jorge-mere
2979,jannes-kilian-horn
2980,rafael-czichos
2981,kingsley-schindler
2982,lasse-sobiech
2983,matthias-bader
2984,kingsley-ehizibue
2985,dominick-drexler
2986,niklas-hauptmann
2987,darko-churlinov
2988,noah-katterbach
2989,jhon-cordoba
2990,achim-beierlorzer
2991,philipp-pentke
2992,kostas-stafylidis
2993,moody-chana
2994,pavel-kadeřábek
2995,sargis-adamyan
2996,pellegrino-matarazzo
2997,alfred-schreuder
2998,christian-wetklo
2999,markus-schubert
3000,yannic-lenze
3001,salif-sane
3002,pablo-insua
3003,jonas-carls
3004,marcel-langer
3005,philip-fontein
3006,münir-mercan
3007,ahmed-kutucu
3008,robbi-matondo
3009,nassim-boujellab
3010,david-wagner
3011,panzu-ernesto
3012,vladimír-darida
3013,maksimilian-pronichev
3014,julian-albrecht
3015,pal-dárdai
3016,javairô-dilrosun
3017,daishawn-redan
3018,ante-čovic
3019,paulo-otávio
3020,jerôme-roussillon
3021,yunus-mallı
3022,ohis-uduokhai
3023,joão-victor
3024,oliver-glasner
3025,olaf-janßen
3026,jiří-pavlenka
3027,niklas-wiemann
3028,nuri-şahin
3029,david-philipp
3030,simon-straudi
3031,ilia-gruev
3032,benjamin-goller
3033,yuya-ōsako
3034,luc-ihorst
3035,florian-kohfeldt
3036,omer-hanin
3037,marin-šverko
3038,jerry-st.-juste
3039,ronaël-pierre-gabriel
3040,aaron-martín
3041,ahmet-gürleyen
3042,devante-parker
3043,jose-rodríguez
3044,ridle-baku
3045,leandro-barreiro-martins
3046,ji-dongwon
3047,cyrill-akono
3048,sandro-schwarz
3049,tomás-koubek
3050,benjamin-leneis
3051,killian-jakob
3052,marek-suchý
3053,mads-pedersen
3054,jozo-stanic
3055,stefano-russo
3056,felix-schwarzholz
3057,alfreð-finnbogason
3058,sergio-cordova
3059,ruben-vargas
3060,cheon-seonghoon
3061,martin-schmidt
3062,nico-schlotterbeck
3063,kwon-changhoon
3064,jerôme-gondorf
3065,nicolas-höfler
3066,lino-tempelmann
3067,fabian-rüdlin
3068,jeong-wooyeong
3069,brandon-borrello
3070,christian-streich
3071,florian-bruns
3072,lars-voßler
3073,mamadou-doucoure
3074,ibrahima-traore
3075,lászlo-benes
3076,mickaël-cuisance
3077,torben-müsel
3078,alassane-plea
3079,marcus-thuram-ulien
3080,keanen-bennetts
3081,marco-rose
3082,frederik-rønnow
3083,evan-n-dicka
3084,anderson-bamba
3085,timmy-chandler
3086,almamy-toure
3087,marijan-ćavar
3088,lucas-torro
3089,adi-hütter
3090,christian-peintinger
3091,mario-zelic
3092,jannick-theißen
3093,florian-kastenmeier
3094,zack-steffen
3095,kassim-nuhu
3096,thomas-pledl
3097,nana-opoku-ampomah
3098,michel-stöcker
3099,shinta-appelkamp
3100,kelvin-ofori
3101,bernhard-tekpetey
3102,friedhelm-funkel
3103,jakob-busk
3104,michael-gspurning
3105,christopher-lenz
3106,lennart-maloney
3107,ken-reichel
3108,julian-ryerson
3109,nicolai-rapp
3110,michael-parensen
3111,felix-kroos
3112,cihan-kahraman
3113,akaki-gogia
3114,grischa-prömel
3115,lars-dietz
3116,florian-flecker
3117,robert-andrich
3118,marius-bülter
3119,maurice-opfermann
3120,sebastian-andersson
3121,sebastian-polter
3122,sheraldo-becker
3123,marcus-ingvartsen
3124,joshua-mees
3125,laurenz-dehl
3126,urs-fischer
3127,michael-ratajczak
3128,leopold-zingerle
3129,leon-brüggemeier
3130,thomas-bertels
3131,christian-strohdiek
3132,ben-zolinski
3133,leon-hendrik-fesser
3134,jamilu-collins
3135,klaus-gjasula
3136,luca-kilian
3137,jan-luca-rumpf
3138,philimon-tawiah
3139,tobias-schwede
3140,laurent-jans
3141,cauly
3142,marc-vucinovic
3143,sebastian-schonlau
3144,fatih-ufuk
3145,massih-wassey
3146,christopher-antwi-adjej
3147,rifet-kapic
3148,sebastian--vasiliadis
3149,justin-reineke
3150,streli-mamba
3151,marcel-hilßner
3152,babacar-guèye
3153,kai-pröger
3154,sven-michel
3155,tim-mannek
3156,marlon-ritter
3157,johannes-dörfler
3158,khiry-shelton
3159,steffen-baumgart
3160,cristián-zapata
3161,lucas-paquetá
3162,josè-mauri
3163,marco-brescianini
3164,andre-silva
3165,franck-tsadjout
3166,emmanuel-torres
3167,krzysztof-piątek
3168,marco-giampaolo
3169,pol-mikel-lirola
3170,giorgos-antzoulas
3171,gabriele-ferrarini
3172,sebastián-cristoforo
3173,christian-nørgaard
3174,nicky-medja-beloko
3175,cristobal-montiel-rodríguez
3176,christian-koffi
3177,erald-lakti
3178,silvio-anocic
3179,devid-bouah
3180,francesco-semeraro
3181,steven-n-zonzi
3182,nicolò-zaniolo
3183,gianmarco-cangiano
3184,ludovico-d-orazio
3185,paulo-fonseca
3186,łukasz-skorupski
3187,angelo-da-costa
3188,caio-vinicius-pirana
3189,gabriele-corbo
3190,takehiro-tomiyasu
3191,nehuen-paz
3192,lirim-kastrati
3193,ladislav-krejcí
3194,andreas-skov-olsen
3195,nicolò-cabras
3196,babis-lykogiannis
3197,nunzio-lella
3198,sebastian-walukiewicz
3199,joão-pedro-galvão
3200,artur-ioniţă
3201,nahitan-nández
3202,christian-oliva
3203,alessandro-marongiu
3204,cyril-thereau
3205,kiril-despodov
3206,riccardo-doratiotto
3207,rolando-maran
3208,jandrei
3209,alessandro-russo
3210,christian-romero
3211,fallou-njie
3212,nicholas-rizzo
3213,kevin-agudelo
3214,esteban-rolon
3215,filip-jagiełło
3216,andrás-schafer
3217,nicolò-rovella
3218,christian-kouame
3219,aurelio-andreazzoli
3220,marco-alia
3221,alessio-furlanetto
3222,ştefan-radu
3223,jorge-silva
3224,sergio-kalaj
3225,mauro-zitelli
3226,roberto-durante
3227,luan-capanni
3228,alessandro-cerbara
3229,alessio-bianchi
3230,fallou-dieye
3231,gabriel-brazão
3232,simone-dodi
3233,gaston-brugman
3234,pepín
3235,drissa-camara
3236,redi-kasa
3237,carl-davordzie
3238,andrea-tarozzi
3239,felipe-yáñez
3240,sebastian-de-maio
3241,filip-vasko
3242,emil-hallfreðsson
3243,antonín-barák
3244,aly-malle
3245,thomas-battistella
3246,łukasz-teodorczyk
3247,milos-bocic
3248,luigi-delneri
3249,simone-festa
3250,lorenzo-andrenacci
3251,enrico-alfonso
3252,paolo-bastianello
3253,stefano-sabelli
3254,dimitri-bisoli
3255,niccolò-baronio
3256,edoardo-lancini
3257,nikolas-špalek
3258,ales-matějů
3259,jhon-chancellor
3260,emanuele-ndoj
3261,alessandro-martinelli
3262,modibo-dembele
3263,felipe-curcio
3264,mattia-viviani
3265,luca-tremolada
3266,jaromír-zmrhal
3267,andrea-cistana
3268,ernesto-torregrossa
3269,lorenzo-lucca
3270,mouhamed--belkheir
3271,eugenio-corini
3272,alessandro-berardi
3273,mattia-chiesa
3274,alan-empereur
3275,amir-rrahmani
3276,emmanuel-agyemang-badu
3277,nicola-guglielmelli
3278,aleksejs-saveljevs
3279,lucas-felippe
3280,ľubomír-tupta
3281,lee-seungwoo
3282,abdoulaye-traore
3283,gennaro-tutino
3284,precious-amayah
3285,andreaw-gravillon
3286,stefano-ferraresi
3287,federico-abelli
3288,filip-đuricic
3289,hamed-junior-traorè
3290,marlon
3291,andrea-ghion
3292,gianpiero-piovani
3293,bartosz-bereszyński
3294,tommaso-augello
3295,tommaso-farabegoli
3296,julian-chabot
3297,édgar-barreto
3298,gaston-ramírez
3299,morten-thorsby
3300,gonzalo-maroni
3301,jamie-yayi-mpie
3302,simone-trimboli
3303,mohamed-bahlouli
3304,luca-gemello
3305,gleison
3306,nicolas-n-koulou
3307,nicolás-burdisso
3308,wilfried-singo
3309,álex-berenguer
3310,tomás-rincon
3311,michel-ndary-adopo
3312,soualiho-meite
3313,francesco-mele
3314,nicola-rauti
3315,walter-mazzarri
3316,boukary-drame
3317,igor
3318,thomas-coulange
3319,ricardo-farcas
3320,alessandro-miotto
3321,lazar-nikolic
3322,marco-spina
3323,andrea-rizzo-pinna
3324,mohamed-salim-fares
3325,leonardo-ubaldi
3326,tommaso-costantini
3327,leonardo-semplici
3328,marco-bleve
3329,paolo-vicino
3330,gianmarco-centonze
3331,joakim-milli
3332,christian-dell-orco
3333,biagio-meccariello
3334,andrea-morello
3335,samuele-muci
3336,antonio-marino
3337,emanuele-valeri
3338,giulio-gambardella
3339,dario-niccolò
3340,roberto-pierno
3341,jacopo-petriccione
3342,thom-haye
3343,marco-mancosu
3344,giacomo-mengoli
3345,andrea-tabanelli
3346,žan-majer
3347,mattia-felici
3348,fabio-doratiotto
3349,andrea-la-mantia
3350,alessandro-avantaggiato
3351,andrea-saraniti
3352,joël-drommel
3353,jorn-brondeel
3354,jeffrey-de-lange
3355,peet-bijen
3356,jeroen-van-der-lely
3357,jose-matos
3358,xandro-schenk
3359,jelle-van-der-heyden
3360,dylan-george
3361,alexander-laukart
3362,jonatan-frimann
3363,godfried-roemeratoe
3364,lindon-selahi
3365,giorgi-aburjania
3366,keito-nakamura
3367,mats-wieffer
3368,jesse-bosch
3369,ramiz-zerrouki
3370,jari-oosterwijk
3371,tom-boere
3372,rashaan-fernandes
3373,tim-hölscher
3374,gonzalo-garcía-garcía
3375,delano-van-crooij
3376,bram-verbong
3377,jens-craenmehr
3378,tobias-pachonik
3379,steffen-schäfer
3380,chris-kum
3381,nils-röseler
3382,roel-janssen
3383,tristan-dekker
3384,lars-joosten
3385,stan-van-dijck
3386,jens-janse
3387,josimar-lima
3388,samuel-scheimann
3389,axel-borgmann
3390,richard-neudecker
3391,danny-post
3392,roy-gielen
3393,jeffrey-rijkers
3394,evert-linthorst
3395,peter-van-ooijen
3396,tino-sven-susic
3397,aaron-bastiaans
3398,simon-jansson
3399,johnatan-opoku
3400,vincent-bogaerts
3401,elia-soriano
3402,yahcuroo-roemer
3403,jay-driessen
3404,robert-maaskant
3405,janis-blaswich
3406,michael-brouwer
3407,koen-bucker
3408,tim-breukers
3409,robin-pröpper
3410,dario-van-den-buijs
3411,jeff-hardeveld
3412,maximilian-rossmann
3413,navajo-bakboord
3414,lennart-marten-czyborra
3415,jelle-van-benthem
3416,mats-knoester
3417,reuven-niemeijer
3418,sebastian-jakubiak
3419,niels-leemhuis
3420,mauro-junior
3421,orestis-kiomourtzoglou
3422,alexander-merkel
3423,teun-bijleveld
3424,kai-huisman
3425,cyriel-dessers
3426,jesper-drost
3427,silvester-van-der-water
3428,adrian-szöke
3429,joey-konings
3430,frank-wormuth
3431,robin-van-iersel
3432,wessel-sprangers
3433,michael-woud
3434,luuk-brand
3435,connor-van-den-berg
3436,joão-pereira-queiros
3437,jordens-peters
3438,victor-van-den-bogert
3439,lex-van-dijk
3440,dylan-ryan
3441,sebastian-holmen
3442,jarno-abbel
3443,james-mcgarry
3444,karim-coulibaly
3445,dries-saddiki
3446,pol-llonch
3447,vangelis-pavlidis
3448,rick-zuijderwijk
3449,justin-ogenia
3450,che-nunnely
3451,justin-vandermeulen
3452,adrie-koster
3453,trevor-doornbusch
3454,filip-bednarek
3455,jan-de-boer
3456,sheral-floranus
3457,andreas-skovgaard
3458,ibrahim-dresevic
3459,vanja-drkusic
3460,sven-botman
3461,rodney-kongolo
3462,hicham-faik
3463,jordy-bruijn
3464,emil-frederiksen
3465,rami-hajal
3466,hamdi-akujobi
3467,jan-ras
3468,nemanja-mihajlovic
3469,chidera-ejuke
3470,arjen-van-der-heide
3471,jan-olde-riekerink
3472,johnny-jansen
3473,nick-marsman
3474,george-johnston
3475,liam-kelly
3476,orkun-kökçü
3477,wouter-burger
3478,naoufal-bannis
3479,nicolai-jørgensen
3480,luis-sinisterra
3481,thijmen-nijhuis
3482,david-jensen
3483,joost-meendering
3484,maarten-paes
3485,mark-van-der-maarel
3486,jelle-de-lange
3487,giovanni-troupee
3488,emil-bergström
3489,christopher--mamengi
3490,sylian-mokono
3491,willem-janssen
3492,sean-klaiber
3493,rico-strieder
3494,patrick-joosten
3495,sander-van-de-streek
3496,othman-boussaid
3497,abass-issah
3498,tim-brinkman
3499,gyrano-kerk
3500,nick-venema
3501,václav-černý
3502,mohamed-mallahi
3503,adrián-dalmau
3504,justin-lonwijk
3505,john-van-den-brom
3506,erwin-heidekamp
3507,jan-hoekstra
3508,marco-van-duin
3509,bart-van-hintum
3510,tim-riksman
3511,mike-te-wierik
3512,amir-absalem
3513,kou-itakura
3514,tapmahoe-sopacua
3515,mo-el-hankouri
3516,samir-memisevic
3517,ajdin-hrustic
3518,gerald-postma
3519,django-warmerdam
3520,tommie-van-de-looi
3521,azor-matusiwa
3522,gabriel-gudmundsson
3523,nicklas-strunck
3524,daniël-van-kaam
3525,gijs-jasper
3526,michael-breij
3527,kaj-sierhuis
3528,thijs-dallinga
3529,jannik-pohl
3530,danny-buijs
3531,kostas-lamprou
3532,wouter-dronkers
3533,bilal-biyazit
3534,armando-obispo
3535,leeroy-schorea
3536,vyacheslav-karavaev
3537,özgür-aktas
3538,max-clark
3539,tomás-hájek
3540,danilho-doekhi
3541,matus-bero
3542,patrick-vroegh
3543,jay-roy-grot
3544,oussama-darfalou
3545,hillary-gong-chukwah
3546,richie-musaba
3547,leonid-slutsky
3548,mike-havekotte
3549,robert-zwinkels
3550,jurrian-jouvenaar
3551,joe-van-der-sar
3552,kilian-nikiema
3553,youri-schoonerwaldt
3554,tom-beugelsdijk
3555,wilfried-kanon
3556,mohamed-haddachi
3557,donny-gorter
3558,nick-kuipers
3559,thijmen-goppel
3560,robin-polley
3561,dion-malone
3562,dehninio-muringen
3563,aaron-meijers
3564,danny-bakker
3565,erik-falkenburg
3566,sam-van-huffel
3567,shaquille-pinas
3568,mats-van-kins
3569,milan-van-ewijk
3570,maarten-rieder
3571,lorenzo-van-kleef
3572,bilal-ould-chikh
3573,elson-hooi
3574,abdenasser-el-khayati
3575,yahya-boussakou
3576,tomás-necid
3577,alfons-groenendijk
3578,rody-de-boer
3579,jasper-schendelaar
3580,joey-roggeveen
3581,henri-weigelt
3582,leon-bergsma
3583,joerie-church
3584,yukinari-sugawara
3585,mauro-savastano
3586,teun-koopmeiners
3587,tijjani-reijnders
3588,kenzo-goudmijn
3589,mohamed-taabouni
3590,richonell-margaret
3591,albert-guðmundsson
3592,bjørn-maars-johnsen
3593,ferdy-druijf
3594,oussama-idrissi
3595,soulyman-allouch
3596,arne-slot
3597,mike-grim
3598,jan-vermolen
3599,etienne-vaessen
3600,abdel-el-bahraoui
3601,phil-van-den-broek
3602,kees-heemskerk
3603,bodhi-prinssen
3604,lars-nieuwpoort
3605,ingo-van-weert
3606,mark-engberink
3607,peter-van-den-berg
3608,moaad-bahraoui
3609,henrico-drost
3610,emilio-priëto
3611,kevin-nikolov
3612,dean-van-der-sluys
3613,juriën-gaari
3614,nigel-langras
3615,kevin-vermeulen
3616,stijn-spierings
3617,daan-rienstra
3618,kenny-anderson
3619,nikki-baggerman
3620,yesin-mohamadi
3621,paul-quasten
3622,hans-mulder
3623,melle--meulensteen
3624,anas-tahiri
3625,najim-haddouchi
3626,nando-nöstlinger
3627,leon-van-den-hoven
3628,sylla-sow
3629,mario-bilate
3630,johan-voskamp
3631,fredua-benson
3632,jari-koenraad
3633,roy-rudonja
3634,said-bakari
3635,chovanie-amatkarijo
3636,dylan-seys
3637,tom-cappan
3638,darren-maatsen
3639,lennerd-daneels
3640,david-min
3641,fred-grim
3642,regillio-vrede
3643,mike-hauptmeijer
3644,dean-bredewolt
3645,kevin-reimink
3646,xavier-mous
3647,thomas-lam
3648,clint-leemans
3649,darryl-lachman
3650,bram-van-polen
3651,sander-van-looy
3652,pim-ten-have
3653,shaquile-woudstra
3654,sam-kersten
3655,etiënne-reijnen
3656,destan-bajselmani
3657,jarno-westerman
3658,kenneth-paal
3659,rick-dekker
3660,bas-van-wijnen
3661,yuta-nakayama
3662,zian-flemming
3663,thomas-van-den-belt
3664,eliano-reijnders
3665,steff-kaptein
3666,marc-olivier-doue
3667,dean-huiberts
3668,vito-van-crooy
3669,vito-van-crooij
3670,stanley-elbers
3671,mike-van-duinen
3672,dennis-johnsen
3673,sai-van-wermeskerken
3674,john-stegeman
3675,stefan-van-der-lei
3676,eser-elmali
3677,dennis-telgenkamp
3678,robin-jalving
3679,brian-haak
3680,desevio-payne
3681,lorenzo-burnet
3682,nick-bakker
3683,nande-wielink
3684,joris-voest
3685,glenn-bijl
3686,keziah-veendorp
3687,kjelt-engbers
3688,ferhat-görgülü
3689,ruben-roosken
3690,tom-hiariej
3691,robert-de-vos
3692,sander-rozema
3693,henk-bos
3694,justin-mulder
3695,josip-baric
3696,michael-chacon
3697,filip-ugrinic
3698,michael-de-leeuw
3699,wouter-marinus
3700,nicklas-pedersen
3701,jafar-arias
3702,pascal-huser
3703,thom-scheper
3704,genero-zeefuik
3705,anco-jansen
3706,marko-kolar
3707,nikolai-laursen
3708,leon-sopic
3709,freddy-quispel
3710,dick-lukkien
3711,alexei-coselev
3712,job-van-de-walle
3713,rowen-koot
3714,tijn-becker
3715,tom-hendriks
3716,raf-hermans
3717,gregoire-amiot
3718,branislav-ňinaj
3719,mica-pinto
3720,demen-roumen
3721,arnoud-de-moor
3722,clint-essers
3723,stijn-keulen
3724,robin-van-hout
3725,tom-ghislain
3726,patrik-raitanen
3727,mark-diemers
3728,mickaël-malsa
3729,agim-zeka
3730,souhail-belkassem
3731,jorrit-smeets
3732,robin-lutgens
3733,sander-rau
3734,luc-tinnemans
3735,bo-breukers
3736,arian-kastrati
3737,mickael-mickael
3738,raghmani-carli
3739,c.-amory
3740,nassim-el-ablak
3741,dimitrios-ioannidis
3742,adnan-ugur
3743,robbie-lutgens
3744,giel-piereij
3745,roald-van-hout
3746,djibril-dianessy
3747,rasmus-karjalainen
3748,amadou-ciss
3749,áron-dobos
3750,jacky-donkor
3751,bassala-sambou
3752,bas-breukers
3753,sjors-ultee
3754,tim-coremans
3755,leonard-nienhuis
3756,michael-fabrie
3757,ariel-harush
3758,jomar-gomes
3759,kenny-lipman
3760,jurgen-mattheij
3761,khalid-karami
3762,dries-wuytens
3763,bart-vriends
3764,serghino-sanches
3765,jair-oosterlen
3766,diederick-luydens
3767,suently-alberto
3768,dirk-abels
3769,bradley-martis
3770,lorenzo-soares-fonseca
3771,daan-van-unen
3772,delano-vianello
3773,adil-auassar
3774,deroy-duarte
3775,abdou-harroui
3776,gianni--dos-santos
3777,bryan-smeets
3778,mohammed-rayhi
3779,kevin-ringeling
3780,laros-duarte
3781,jaimy-brute
3782,ayoub-boukhari
3783,levi-bouwens
3784,sven-mijnans
3785,lars-veldwijk
3786,ragnar-ache
3787,halil-dervisoğlu
3788,youssef-el-kachati
3789,joshua-jeremiah-sanches
3790,elayis-tavsan
3791,bradly-van-hoeven
3792,dolf-roks
3793,paulo-vítor
3794,carlos-alves
3795,messias
3796,junio
3797,toni-borevkovic
3798,pedro-amaral
3799,nelson-monte
3800,nadjack
3801,nikola-jambor
3802,vito-ferreira
3803,matheus-reis
3804,tarantini
3805,diego-lopes
3806,carlos-mane
3807,tomislav-štrkalj
3808,said-ahmed-said
3809,ronan-jeronimo
3810,bruno-moreira
3811,murilo
3812,gabrielzinho
3813,damien-furtado
3814,carlos-carvalhal
3815,luís-maximiano
3816,renan-ribeiro
3817,luis-neto
3818,andre-pinto
3819,cristian-borja
3820,thierry-correia
3821,radoslav-petrovic
3822,miguel-luís
3823,mattheus-oliveira
3824,gonzalo-plata
3825,abdoulay-diaby
3826,luiz-phellype
3827,marcel-keizer
3828,ricardo-ribeiro
3829,marco-sousa
3830,maracás
3831,kevem
3832,oleg-reabciuk
3833,jorge-silva
3834,andre-micael
3835,bruno-teles
3836,rafael-gava
3837,luíz-carlos
3838,sodiq-fatai
3839,marco-baixinho
3840,bruno-santos
3841,pedrinho-moreira
3842,andre-leão
3843,bernardo-martins
3844,lamine-diaby
3845,abbas-ibrahim
3846,matchoi-djalo
3847,joão-vieira
3848,yago-cesar
3849,getulio
3850,raul-almeida
3851,vasco
3852,ze-uilton
3853,paul-ayongo
3854,douglas-tanque
3855,nathan-junior
3856,diogo--almeida
3857,rafael-gladiador
3858,filo
3859,mateus-pasinato
3860,pedro-trigueira
3861,nuno-macedo
3862,sori-mane
3863,abdu-conte
3864,iago-santos
3865,steven-vitoria
3866,patricio-rodríguez
3867,luiz-henrique
3868,bilel-aouacheria
3869,joão-aurelio
3870,filipe-soares
3871,fabio-pacheco
3872,ibrahima-camará
3873,alex-soares
3874,fábio-abreu
3875,caleb-gomina
3876,pedro-nuno
3877,luís-machado
3878,vítor-campelos
3879,rafael-bracalli
3880,helton-leite
3881,marlon
3882,neris
3883,lucas-tagliapietra
3884,gustavo-dulanto
3885,carraça
3886,edu-machado
3887,nwankwo-obiora
3888,rafael-costa
3889,idrissa-mandiang
3890,fábio-espinho
3891,walter-clar
3892,yaw-ackah
3893,cassiano
3894,gustavo-sauerbeck
3895,bueno
3896,heriberto-tavares
3897,perdigão
3898,iván-bulos
3899,yusupha-njie
3900,mateus-galiano
3901,lito-vidigal
3902,cláudio-ramos
3903,diogo-silva
3904,fahd-moufi
3905,yohan-tavares
3906,philipe-sampaio
3907,jota-gonçalves
3908,manuel-sánchez
3909,richard
3910,pedro-borges
3911,jhon-murillo
3912,pepelu
3913,joão-mendes
3914,filipe-ferreira
3915,bruno-monteiro
3916,pite
3917,joão-jaquite
3918,joão-reis
3919,joão-vasco
3920,antonio-xavier
3921,patrick
3922,rubilio-castillo
3923,ruben-fonseca
3924,natxo-gonzález
3925,marco
3926,andre-ferreira
3927,joão-lopes
3928,steven-pereira
3929,cesar-martins
3930,ukra
3931,fábio-cardoso
3932,joão-lucas
3933,rafael-ramos
3934,mamadu
3935,zaidu-sanusi
3936,lucas-marques
3937,osamah-jabbar
3938,thiago-santana
3939,bruno-lamas
3940,anderson-carvalho
3941,nene
3942,denis-pineda
3943,guilherme-schettine
3944,alfredo-stephens
3945,ze-manuel
3946,luís-pires
3947,joão-henriques
3948,gabriel-eugenio
3949,rafael-defendi
3950,vitor-caetano
3951,patrick
3952,hugo-gomes
3953,riccieli
3954,nehuen-perez
3955,fode-konate
3956,ruben-lameiras
3957,lawrence-ofori
3958,guga-rodrigues
3959,pedro-gonçalves
3960,gustavo-assunção
3961,chicão
3962,joão-caiado
3963,toni-martínez
3964,walterson
3965,joão-pedro-sousa
3966,dênis
3967,kellyton
3968,henrique-brito
3969,ruben-fernandes
3970,pedro-araujo
3971,henrique-gomes
3972,rodrigão
3973,arthur-henrique
3974,edwin-banguera
3975,ygor-nogueira
3976,bozhidar-kraev
3977,willian-soares
3978,rui-pedro-duarte-gomes
3979,claude-gonçalves
3980,wellington-luís
3981,ahmed-isaiah
3982,leo-cordeiro
3983,juan-ruiz
3984,samuel
3985,bogdan-mladenovic
3986,márcio-meira
3987,lourency-rodrigues
3988,sandro-lima
3989,dimba
3990,zakaria-naidji
3991,vítor-oliveira
3992,douglas-jesus
3993,jhonatan
3994,frederico-venâncio
3995,valerii-bondarenko
3996,pedrão
3997,florent-hanin
3998,edmond-tapsoba
3999,andre-andre
4000,blati-toure
4001,andre-almeida
4002,almoatasembellah-ali
4003,pêpê
4004,davidson-da-luz
4005,rochinha
4006,abdul-aziz-yakubu
4007,andre-pereira
4008,joão--correia
4009,alexandre-guedes
4010,lucas-soares
4011,ivo-vieira
4012,raphael-aflalo
4013,fábio-szymonek
4014,adi-mehremic
4015,bruninho
4016,mato-milos
4017,andrej-šimunec
4018,adam-dźwigała
4019,bruno-xavier
4020,erik-nascimento
4021,mohamed-cheik-toure
4022,estrela
4023,claudio
4024,eric-veiga
4025,leandro-marques
4026,ablaye-faye
4027,bruno-lourenço
4028,arthur-yamga
4029,welinton
4030,peu
4031,ruben-macedo
4032,ricardo-rodrigues
4033,miguel-tavares
4034,mehrdad-mohammadi
4035,augusto-inácio
4036,herve-koffi
4037,guilherme-oliveira
4038,andre-moreira
4039,francisco-varela
4040,gonçalo-silva
4041,gonçalo-tavares
4042,hakim-ouro-sama
4043,luís-silva
4044,diogo-cabral
4045,eduardo-kau
4046,matija-ljujic
4047,andre-santos
4048,nuno-coelho
4049,andre-sousa
4050,bernardo-dias
4051,merlin-tandjigora
4052,jonatan-lucca
4053,dieguinho
4054,simon-ramírez
4055,alhassane-keita
4056,ousmane-drame
4057,salo
4058,licá
4059,kikas
4060,nicolás-velez
4061,robinho-vieira
4062,charles-andreas-brym
4063,charles-silva
4064,douglas-grolli
4065,renê
4066,leo-andrade
4067,zainadine-junior
4068,ruben-ferreira
4069,lucas-áfrico
4070,aloísio-neto
4071,dejan-kerkez
4072,franck-yves-bambock
4073,jhon-cley
4074,josip-vukovic
4075,fábio-china
4076,fabricio-baiano
4077,jorge-correa
4078,andre-teles
4079,pedro-pelágio
4080,erivaldo
4081,luciano-nequecaur
4082,daizen-maeda
4083,nanu
4084,leandro-cardoso
4085,leandro-barrera
4086,nikolaos-ioannidis
4087,getterson-alves
4088,nuno-manta
4089,lucas-possignolo
4090,koki-anzai
4091,igor-neves
4092,everson
4093,willyan
4094,dener
4095,pedro-sá
4096,tabata
4097,emmanuel-hackman
4098,jorge-vilela
4099,paulo-estrela-moreira
4100,fernando-dos-santos
4101,rodrigo
4102,bruno-reis
4103,luquinha
4104,ze-gomes
4105,aylton-boa-morte
4106,stephen-oyebolaji-payne
4107,ruster
4108,hiroki-sugajima
4109,sergio-santos
4110,antonio-folha
4111,lucas-ferrugem
4112,vítor-tormena
4113,raul-silva
4114,david-carmo
4115,murilo
4116,trincão
4117,xadas
4118,andre-horta
4119,joão-novais
4120,koka
4121,luther-singh
4122,diogo-viana
4123,gonçalo-gregorio
4124,sá-pinto
4125,giorgi-makaridze
4126,milton-raphael
4127,joão-valido
4128,cascardo
4129,bruno-pires
4130,hildeberto-pereira
4131,joão-meira
4132,mano
4133,vasco-fernandes
4134,sílvio
4135,baba-fernandes
4136,joão-serrão
4137,bruno-langa
4138,leandro-vilela
4139,tiago-castro
4140,éber-bessa
4141,andre-pedrosa
4142,andre-sousa
4143,semedo
4144,kgaogelo-sekgota
4145,valdumar-te
4146,helder-guedes
4147,braian-mansilla
4148,frederic-mendy
4149,zequinha
4150,khaled-hachadi
4151,sandro-mendes
4152,álex-remiro
4153,unai-simon
4154,hodei-oleaga
4155,yuri-berchiche
4156,san-jose
4157,balenziaga
4158,iñigo-lekue
4159,unai-nuñez
4160,ibai
4161,beñat
4162,de-marcos
4163,iñigo-kerejeta
4164,íñigo-muñoz
4165,daniel-vivian
4166,víctor-san-bartolome
4167,unai-lopez
4168,muniain
4169,aduriz
4170,gorka-rodríguez
4171,gaizka-garitano
4172,ruben
4173,juan-perez-ruiz
4174,sergio-herrera
4175,iván-martínez
4176,aridane-hernández
4177,lillo-castellano
4178,ignacio-miralles
4179,endika-irigoyen
4180,antonio-otegui
4181,fran-merida
4182,ruben-garcía
4183,iñigo-perez
4184,chimy-ávila
4185,pervis-estupiñán
4186,javier-martínez-calvo
4187,jon-moncayola
4188,aimar-oroz
4189,enrique-barja
4190,xisco-jimenez
4191,david-rodríguez
4192,juan-villar
4193,iván-martínez
4194,arrasate
4195,eduardo-frías-molleda
4196,andres-prieto
4197,javi-lopez
4198,carles-soria
4199,adrià-pedrosa
4200,lluis-lopez
4201,iago-indias
4202,iturraspe
4203,granero
4204,mohamed-ezzarfani
4205,carlos-doncel
4206,matías-vargas
4207,alejandro-lopez
4208,pol-lozano
4209,víctor-campuzano
4210,david-gallego
4211,ruben-yáñez
4212,filip-manojlović
4213,antunes
4214,dakonam-djene
4215,cucu
4216,miquel
4217,portillo
4218,amath-diedhiou
4219,fayçal-fajr
4220,iván-alejo-peralta
4221,jose-carlos-lazo
4222,merveil-ndockyt
4223,robert-ibañez
4224,pepe-bordalás
4225,jose-vegar
4226,aaron-escandell
4227,alberto-lejárraga-rubio
4228,luka-gugeshashvili
4229,germán-sánchez
4230,jose--martínez
4231,antonio-marín
4232,adrian-castellano
4233,pablo-vázquez
4234,carlos-neva
4235,antonio-puertas-díaz
4236,raul-baena
4237,yan-brice-eteki
4238,ramon-azeez
4239,soldado
4240,juancho
4241,diego-martínez
4242,toño
4243,iván
4244,campaña
4245,luna
4246,shaq-moore
4247,ruben-vezo
4248,francisco-manzanara
4249,cheick-doukoure
4250,jorge-miramon
4251,arturo-molina
4252,sergio-leon
4253,jose-luis-morales
4254,ivi-lopez
4255,ruben-rochina
4256,paco-lopez
4257,miquel-parera
4258,leandro-monteagud
4259,juan-sastre
4260,antonio-raíllo
4261,pierre-cornud
4262,fran-gámez
4263,pablo-ramon
4264,aleix-febas
4265,dani-rodríguez
4266,pablo-valcarce
4267,javier-bonilla
4268,fernando-cano
4269,ferrán-giner
4270,abdon-prats
4271,aleksandar-sedlar
4272,iddrisu-baba
4273,sergio-ruiz
4274,ariday-cabrera
4275,marc-pedraza
4276,junior-lago
4277,víctor-de-baunbaug
4278,igor-zlatanovic
4279,vicente-moreno
4280,daniel-martín
4281,pau-lopez
4282,pedro-lopez
4283,daniel--rebollo
4284,andres-guardado
4285,bartra
4286,édgar-gonzález
4287,julio-alonso
4288,canales
4289,francis-guerrero
4290,paul-akouokou
4291,jaime-garijo
4292,adrián-tellado
4293,jose-irizo
4294,tello
4295,juan-narváez
4296,lorenzo-moron
4297,diego-altamirano
4298,roberto-gonzález
4299,rubí
4300,moyà
4301,raul-navas
4302,robin-normand
4303,aihen-muñoz
4304,alex-sola
4305,illarramendi
4306,zurutuza
4307,kevin-rodrigues
4308,mikel-oiarzabal
4309,igor-zubeldía
4310,ruben-pardo
4311,nais-djouahra
4312,martín-zubimendi
4313,willian-jose
4314,agirretxe
4315,martín-merquelanz
4316,ander-barrenetxea
4317,zourdine-mouhemed-thior
4318,imanol-alguacil
4319,andres-fernández
4320,albiol
4321,víctor-ruíz
4322,jose-castaño
4323,xavier-quintillà
4324,juan-ibiza
4325,iván-martín
4326,andrei-ratiu
4327,alfred-ndiaye
4328,iborra
4329,moi-gomez
4330,trigueros
4331,manu-morlanes
4332,ruben-peña
4333,leonardo-suárez
4334,dani-raba
4335,ruben-uría
4336,julio-iricibar
4337,fede
4338,javier-chica
4339,xavier-carmona
4340,iván-casado-ortiz
4341,nacho-martínez
4342,mohammed-salisu
4343,roberto-corral
4344,javier--aparicio
4345,baraja
4346,anuar-tuhami
4347,moyano
4348,daniel-espinar-vallejo
4349,luismi-sánchez
4350,david-mayoral-lastras
4351,joaquín-fernández
4352,ruben-alcaraz
4353,álvaro-aguado
4354,hacen-el-id
4355,javi-perez
4356,pablo-muñoz
4357,daniel-vega
4358,guzmán
4359,christopher-ramos
4360,waldo-rubio
4361,kuki
4362,stiven-plaza
4363,miguel-de-la-fuente
4364,álex-domínguez
4365,ximo
4366,rafa-páez
4367,saul
4368,laguardia
4369,ruben-duarte
4370,adrián-dieguez
4371,jeando-fuchs
4372,nando-garcía-puchades
4373,antonio-perera
4374,anderson-cruz
4375,ramon-mierez
4376,luis-rioja
4377,andrei-lupu
4378,alejandro-blanco
4379,paulino
4380,asier-garitano
4381,xavier-tamarit
4382,yoel
4383,dani-ltaif
4384,esteban-burgos
4385,jordi-espinach
4386,ramis
4387,arbilla
4388,jose-ángel
4389,kaiser
4390,julen-lopez
4391,pedro-leon
4392,pape-kouly-diop
4393,ángel-lopez
4394,eduardo-exposito
4395,miguel-marí
4396,quique
4397,mendilibar
4398,andoni-azkargorta
4399,ruben-blanco
4400,francisco-barbosa-vieites
4401,daniel-sotres
4402,robert-mazáň
4403,jorge-sáenz
4404,juncà
4405,lucas-olaza
4406,denís-suárez
4407,francisco-peinado
4408,brais-mendez-portela
4409,jozabed
4410,dani-molina
4411,gabriel-fernández
4412,emmanuel-apeh
4413,fran-escribá
4414,tomás-vaclík
4415,lucho-garcía
4416,javier-díaz-sánchez
4417,simon-kjær
4418,sebastien-corchia
4419,jules-kounde
4420,juan-berrocal
4421,sergi-gomez
4422,jose-mena
4423,pejiño
4424,javier-vázquez-lopez
4425,lopetegui
4426,iván-cuellar
4427,andre-grandi
4428,david-tejero
4429,bustinza
4430,vasyl-kravets
4431,josua-antonio-mejías-garcía
4432,ruben-perez
4433,eraso
4434,jose-arnáiz
4435,sabin
4436,lucky-omeruo
4437,javier-aviles-cortes
